[{"uid":"bltf0514a3d557ce002","content_type":"image/jpeg","file_size":"31568","tags":[],"filename":"crystal-elipse-bangle-1.jpg","url":"https://images.contentstack.io/v3/assets/blt58e76b141f182239/bltf0514a3d557ce002/6007bbfe85620f11f5be6d52/crystal-elipse-bangle-1.jpg","ACL":{},"is_dir":false,"parent_uid":"blt239c5941dec166b2","_version":1,"title":"crystal-elipse-bangle-1.jpg","publish_details":[{"environment":"blt2c8444d44e81a3fd","locale":"ar","time":"2021-01-20T05:29:02.219Z","user":"blt8bcfdc841f43ac8a","version":1},{"environment":"blt0e9ace0c0fdccca5","locale":"ar","time":"2021-01-20T05:29:02.219Z","user":"blt8bcfdc841f43ac8a","version":1},{"environment":"blt970bbac636ca0e82","locale":"ar","time":"2021-01-20T05:29:02.219Z","user":"blt8bcfdc841f43ac8a","version":1},{"environment":"blt970bbac636ca0e82","locale":"fr-fr","time":"2021-01-20T05:29:02.235Z","user":"blt8bcfdc841f43ac8a","version":1},{"environment":"blt0e9ace0c0fdccca5","locale":"fr-fr","time":"2021-01-20T05:29:02.235Z","user":"blt8bcfdc841f43ac8a","version":1},{"environment":"blt2c8444d44e81a3fd","locale":"fr-fr","time":"2021-01-20T05:29:02.235Z","user":"blt8bcfdc841f43ac8a","version":1},{"environment":"blt970bbac636ca0e82","locale":"he-il","time":"2021-01-20T05:29:02.244Z","user":"blt8bcfdc841f43ac8a","version":1},{"environment":"blt2c8444d44e81a3fd","locale":"he-il","time":"2021-01-20T05:29:02.243Z","user":"blt8bcfdc841f43ac8a","version":1},{"environment":"blt0e9ace0c0fdccca5","locale":"he-il","time":"2021-01-20T05:29:02.244Z","user":"blt8bcfdc841f43ac8a","version":1},{"environment":"blt2c8444d44e81a3fd","locale":"es","time":"2021-01-20T05:29:02.254Z","user":"blt8bcfdc841f43ac8a","version":1},{"environment":"blt0e9ace0c0fdccca5","locale":"es","time":"2021-01-20T05:29:02.254Z","user":"blt8bcfdc841f43ac8a","version":1},{"environment":"blt970bbac636ca0e82","locale":"es","time":"2021-01-20T05:29:02.254Z","user":"blt8bcfdc841f43ac8a","version":1},{"environment":"blt0e9ace0c0fdccca5","locale":"en-us","time":"2021-01-20T05:29:02.262Z","user":"blt8bcfdc841f43ac8a","version":1},{"environment":"blt2c8444d44e81a3fd","locale":"en-us","time":"2021-01-20T05:29:02.262Z","user":"blt8bcfdc841f43ac8a","version":1},{"environment":"blt970bbac636ca0e82","locale":"en-us","time":"2021-01-20T05:29:02.263Z","user":"blt8bcfdc841f43ac8a","version":1}]}]