[{"uid":"blt5a15a2e03058dbd4","content_type":"font/woff2","file_size":"32892","tags":[],"filename":"Karen.woff2","url":"https://assets.contentstack.io/v3/assets/blt58e76b141f182239/blt5a15a2e03058dbd4/6007bc6607cc9311cce7e2bc/Karen.woff2","ACL":{},"is_dir":false,"parent_uid":"bltc0bde3723dea137e","_version":1,"title":"Karen.woff2","publish_details":[{"environment":"blt970bbac636ca0e82","locale":"ar","time":"2021-01-20T05:28:33.661Z","user":"blt8bcfdc841f43ac8a","version":1},{"environment":"blt0e9ace0c0fdccca5","locale":"ar","time":"2021-01-20T05:28:33.661Z","user":"blt8bcfdc841f43ac8a","version":1},{"environment":"blt2c8444d44e81a3fd","locale":"ar","time":"2021-01-20T05:28:33.661Z","user":"blt8bcfdc841f43ac8a","version":1},{"environment":"blt2c8444d44e81a3fd","locale":"fr-fr","time":"2021-01-20T05:28:33.671Z","user":"blt8bcfdc841f43ac8a","version":1},{"environment":"blt970bbac636ca0e82","locale":"fr-fr","time":"2021-01-20T05:28:33.672Z","user":"blt8bcfdc841f43ac8a","version":1},{"environment":"blt0e9ace0c0fdccca5","locale":"fr-fr","time":"2021-01-20T05:28:33.672Z","user":"blt8bcfdc841f43ac8a","version":1},{"environment":"blt970bbac636ca0e82","locale":"he-il","time":"2021-01-20T05:28:33.681Z","user":"blt8bcfdc841f43ac8a","version":1},{"environment":"blt2c8444d44e81a3fd","locale":"he-il","time":"2021-01-20T05:28:33.681Z","user":"blt8bcfdc841f43ac8a","version":1},{"environment":"blt0e9ace0c0fdccca5","locale":"he-il","time":"2021-01-20T05:28:33.681Z","user":"blt8bcfdc841f43ac8a","version":1},{"environment":"blt0e9ace0c0fdccca5","locale":"es","time":"2021-01-20T05:28:33.692Z","user":"blt8bcfdc841f43ac8a","version":1},{"environment":"blt2c8444d44e81a3fd","locale":"es","time":"2021-01-20T05:28:33.692Z","user":"blt8bcfdc841f43ac8a","version":1},{"environment":"blt970bbac636ca0e82","locale":"es","time":"2021-01-20T05:28:33.692Z","user":"blt8bcfdc841f43ac8a","version":1},{"environment":"blt970bbac636ca0e82","locale":"en-us","time":"2021-01-20T05:28:33.704Z","user":"blt8bcfdc841f43ac8a","version":1},{"environment":"blt0e9ace0c0fdccca5","locale":"en-us","time":"2021-01-20T05:28:33.702Z","user":"blt8bcfdc841f43ac8a","version":1},{"environment":"blt2c8444d44e81a3fd","locale":"en-us","time":"2021-01-20T05:28:33.702Z","user":"blt8bcfdc841f43ac8a","version":1}]}]