[{"uid":"bltf925e36246dd1e66","content_type":"image/jpeg","file_size":"99680","tags":[],"filename":"beverly-marble-front.jpg","url":"https://images.contentstack.io/v3/assets/blt58e76b141f182239/bltf925e36246dd1e66/6007bb8830389b124a3da560/beverly-marble-front.jpg","ACL":{},"is_dir":false,"parent_uid":"blt693399059b3e6ad4","_version":1,"title":"beverly-marble-front.jpg","publish_details":[{"environment":"blt970bbac636ca0e82","locale":"ar","time":"2021-01-20T05:29:40.672Z","user":"blt8bcfdc841f43ac8a","version":1},{"environment":"blt0e9ace0c0fdccca5","locale":"ar","time":"2021-01-20T05:29:40.672Z","user":"blt8bcfdc841f43ac8a","version":1},{"environment":"blt2c8444d44e81a3fd","locale":"ar","time":"2021-01-20T05:29:40.671Z","user":"blt8bcfdc841f43ac8a","version":1},{"environment":"blt0e9ace0c0fdccca5","locale":"fr-fr","time":"2021-01-20T05:29:40.681Z","user":"blt8bcfdc841f43ac8a","version":1},{"environment":"blt2c8444d44e81a3fd","locale":"fr-fr","time":"2021-01-20T05:29:40.681Z","user":"blt8bcfdc841f43ac8a","version":1},{"environment":"blt970bbac636ca0e82","locale":"fr-fr","time":"2021-01-20T05:29:40.681Z","user":"blt8bcfdc841f43ac8a","version":1},{"environment":"blt0e9ace0c0fdccca5","locale":"he-il","time":"2021-01-20T05:29:40.692Z","user":"blt8bcfdc841f43ac8a","version":1},{"environment":"blt2c8444d44e81a3fd","locale":"he-il","time":"2021-01-20T05:29:40.692Z","user":"blt8bcfdc841f43ac8a","version":1},{"environment":"blt970bbac636ca0e82","locale":"he-il","time":"2021-01-20T05:29:40.692Z","user":"blt8bcfdc841f43ac8a","version":1},{"environment":"blt0e9ace0c0fdccca5","locale":"es","time":"2021-01-20T05:29:40.701Z","user":"blt8bcfdc841f43ac8a","version":1},{"environment":"blt2c8444d44e81a3fd","locale":"es","time":"2021-01-20T05:29:40.701Z","user":"blt8bcfdc841f43ac8a","version":1},{"environment":"blt970bbac636ca0e82","locale":"es","time":"2021-01-20T05:29:40.701Z","user":"blt8bcfdc841f43ac8a","version":1},{"environment":"blt2c8444d44e81a3fd","locale":"en-us","time":"2021-01-20T05:29:40.710Z","user":"blt8bcfdc841f43ac8a","version":1},{"environment":"blt0e9ace0c0fdccca5","locale":"en-us","time":"2021-01-20T05:29:40.710Z","user":"blt8bcfdc841f43ac8a","version":1},{"environment":"blt970bbac636ca0e82","locale":"en-us","time":"2021-01-20T05:29:40.710Z","user":"blt8bcfdc841f43ac8a","version":1}]}]