[{"uid":"blt51deb128395cea11","content_type":"image/jpeg","file_size":"28829","tags":["apparel","clothing","footwear","shoe","boot","riding boot"],"filename":"ns-16cccc04-98f4-434c-8459-fa0dcc3a5c72.jpeg","url":"https://images.contentstack.io/v3/assets/blt58e76b141f182239/blt51deb128395cea11/6007bc426610f6125bf5d01a/ns-16cccc04-98f4-434c-8459-fa0dcc3a5c72.jpeg","ACL":{},"is_dir":false,"parent_uid":"blt5b294dd9c4f56de8","_version":1,"title":"ns-16cccc04-98f4-434c-8459-fa0dcc3a5c72.jpeg","publish_details":[{"environment":"blt2c8444d44e81a3fd","locale":"ar","time":"2021-01-20T05:28:41.982Z","user":"blt8bcfdc841f43ac8a","version":1},{"environment":"blt970bbac636ca0e82","locale":"ar","time":"2021-01-20T05:28:41.982Z","user":"blt8bcfdc841f43ac8a","version":1},{"environment":"blt0e9ace0c0fdccca5","locale":"ar","time":"2021-01-20T05:28:41.982Z","user":"blt8bcfdc841f43ac8a","version":1},{"environment":"blt970bbac636ca0e82","locale":"fr-fr","time":"2021-01-20T05:28:41.992Z","user":"blt8bcfdc841f43ac8a","version":1},{"environment":"blt2c8444d44e81a3fd","locale":"fr-fr","time":"2021-01-20T05:28:41.992Z","user":"blt8bcfdc841f43ac8a","version":1},{"environment":"blt0e9ace0c0fdccca5","locale":"fr-fr","time":"2021-01-20T05:28:41.992Z","user":"blt8bcfdc841f43ac8a","version":1},{"environment":"blt0e9ace0c0fdccca5","locale":"he-il","time":"2021-01-20T05:28:42.003Z","user":"blt8bcfdc841f43ac8a","version":1},{"environment":"blt2c8444d44e81a3fd","locale":"he-il","time":"2021-01-20T05:28:42.003Z","user":"blt8bcfdc841f43ac8a","version":1},{"environment":"blt970bbac636ca0e82","locale":"he-il","time":"2021-01-20T05:28:42.003Z","user":"blt8bcfdc841f43ac8a","version":1},{"environment":"blt2c8444d44e81a3fd","locale":"es","time":"2021-01-20T05:28:42.013Z","user":"blt8bcfdc841f43ac8a","version":1},{"environment":"blt970bbac636ca0e82","locale":"es","time":"2021-01-20T05:28:42.013Z","user":"blt8bcfdc841f43ac8a","version":1},{"environment":"blt0e9ace0c0fdccca5","locale":"es","time":"2021-01-20T05:28:42.013Z","user":"blt8bcfdc841f43ac8a","version":1},{"environment":"blt0e9ace0c0fdccca5","locale":"en-us","time":"2021-01-20T05:28:42.022Z","user":"blt8bcfdc841f43ac8a","version":1},{"environment":"blt970bbac636ca0e82","locale":"en-us","time":"2021-01-20T05:28:42.023Z","user":"blt8bcfdc841f43ac8a","version":1},{"environment":"blt2c8444d44e81a3fd","locale":"en-us","time":"2021-01-20T05:28:42.022Z","user":"blt8bcfdc841f43ac8a","version":1}]}]