{"blt6921ef6b05ae270f":{"title":"Ecommerce Menu","menu_section":[{"menu_title":"Browse","section_link":[],"custom_link":"","column":[{"group":[{"group_title":"Categories","section_link":[],"custom_link":"","menu_item":[{"item_title":"Clothing","section_link":[],"custom_link":"/category/clothing","_metadata":{"uid":"csa1bf0791c0cfbdae"}},{"item_title":"Everyday Carry","section_link":[],"custom_link":"/category/everyday-carry","_metadata":{"uid":"cs150649e8a514324b"}},{"item_title":"Gadgets","section_link":[],"custom_link":"/category/gadgets","_metadata":{"uid":"cs694f37266b53ae90"}},{"item_title":"Watches","section_link":[],"custom_link":"/category/watches","_metadata":{"uid":"cse5af2f619544672a"}}],"_metadata":{"uid":"cs5c88a6441c3ed223"}},{"group_title":"All Products","section_link":[],"custom_link":"/products","menu_item":[],"_metadata":{"uid":"cs75ba80c06f8ec0b2"}},{"group_title":"All Custom Pages","section_link":[],"custom_link":"/p","menu_item":[],"_metadata":{"uid":"cs16bce3cb24a8f1ad"}},{"group_title":"All Landing Pages","section_link":[],"custom_link":"/lp","menu_item":[],"_metadata":{"uid":"csfc31f6723688643d"}}],"_metadata":{"uid":"cs81bb9470ef407993"}}],"_metadata":{"uid":"cs8d0638ac0ead1aa2"}},{"menu_title":"Men","section_link":[{"uid":"blt4b27879ce0493da2","_content_type_uid":"sections"}],"custom_link":"","column":[{"group":[{"group_title":"New Arrivals","section_link":[],"custom_link":"","menu_item":[{"item_title":"New In","section_link":[],"custom_link":"","_metadata":{"uid":"cs5539647a3aa6c3fb"}},{"item_title":"Tennis Whites","section_link":[],"custom_link":"","_metadata":{"uid":"csf1a70dce57f0c787"}},{"item_title":"Autumn 2019 Collection","section_link":[],"custom_link":"","_metadata":{"uid":"csa6f6f93bbd5264ab"}},{"item_title":"The Monogram Collection","section_link":[],"custom_link":"","_metadata":{"uid":"csd90a4258126c12a6"}},{"item_title":"Checks & stripes","section_link":[],"custom_link":"","_metadata":{"uid":"csd8f7e681490de77d"}}],"_metadata":{"uid":"csf5c7f074c58d3228"}},{"group_title":"Runway","section_link":[],"custom_link":"","menu_item":[{"item_title":"Shop By Look","section_link":[],"custom_link":"","_metadata":{"uid":"cse9036ba45ef6d71e"}},{"item_title":"Shop By Category","section_link":[],"custom_link":"","_metadata":{"uid":"cs678069796b30a40b"}}],"_metadata":{"uid":"csa0429a08f7482d2a"}}],"_metadata":{"uid":"cs2f97adf171912920"}},{"group":[{"group_title":"Clothing","section_link":[],"custom_link":"","menu_item":[{"item_title":"All Coats & Jackets","section_link":[],"custom_link":"","_metadata":{"uid":"cse4dfcc07f305e59d"}},{"item_title":"Trench Coats","section_link":[],"custom_link":"","_metadata":{"uid":"cs46ab921e16669090"}},{"item_title":"Jackets","section_link":[],"custom_link":"","_metadata":{"uid":"csed6cf1fe63d79bb3"}},{"item_title":"Coats","section_link":[],"custom_link":"","_metadata":{"uid":"cs73b5b7c466ff07c9"}},{"item_title":"Quilts & Puffers","section_link":[],"custom_link":"","_metadata":{"uid":"cse572fcee0980c372"}},{"item_title":"Suits","section_link":[],"custom_link":"","_metadata":{"uid":"cs1a1d8bb90bfbcb3d"}},{"item_title":"Blazers","section_link":[],"custom_link":"","_metadata":{"uid":"csaec06dccf5328f6c"}},{"item_title":"Formal Shirts","section_link":[],"custom_link":"","_metadata":{"uid":"csbe5d3460473f86a3"}},{"item_title":"Casual Shirts","section_link":[],"custom_link":"","_metadata":{"uid":"cs2ad3501d04eb01cc"}},{"item_title":"Knitwear","section_link":[],"custom_link":"","_metadata":{"uid":"cs3fe11b2070f1c69f"}},{"item_title":"Hoodies & Sweatshirts","section_link":[],"custom_link":"","_metadata":{"uid":"csadbbd8e120fbd1e9"}},{"item_title":"Polos & Shorts","section_link":[],"custom_link":"","_metadata":{"uid":"csf7924e531a0bf712"}},{"item_title":"Trousers & Shorts","section_link":[],"custom_link":"","_metadata":{"uid":"csc37a8b13eaac66dc"}},{"item_title":"Jeans","section_link":[],"custom_link":"","_metadata":{"uid":"cs3851e6042511b34b"}},{"item_title":"Swimwear","section_link":[],"custom_link":"","_metadata":{"uid":"csb11a058ecbb5e149"}},{"item_title":"Underwear","section_link":[],"custom_link":"/product/blt5a1b39a6f543c0d2","_metadata":{"uid":"csc40957b95c50f485"}}],"_metadata":{"uid":"cs70121ebe038694af"}}],"_metadata":{"uid":"cs09f63e3c3b16b58e"}},{"group":[{"group_title":"Accessories","section_link":[],"custom_link":"","menu_item":[{"item_title":"Bags","section_link":[],"custom_link":"","_metadata":{"uid":"cs0f5e83b15434d583"}},{"item_title":"Scarves","section_link":[],"custom_link":"","_metadata":{"uid":"cs855ae1ec84c9704e"}},{"item_title":"Wallets & Card Cases","section_link":[],"custom_link":"","_metadata":{"uid":"cs88179ea05d649484"}},{"item_title":"Travel Accessories","section_link":[],"custom_link":"","_metadata":{"uid":"csac61b4db230ad38b"}},{"item_title":"Ties & Cuffinks","section_link":[],"custom_link":"","_metadata":{"uid":"csc864fa767254e597"}},{"item_title":"Belts","section_link":[],"custom_link":"","_metadata":{"uid":"cs598a24ced7a9976e"}},{"item_title":"Key Rings","section_link":[],"custom_link":"","_metadata":{"uid":"cs3a27868b32de6e9d"}},{"item_title":"Hats & Gloves","section_link":[],"custom_link":"","_metadata":{"uid":"cs0d405292cfc31860"}},{"item_title":"Socks","section_link":[],"custom_link":"","_metadata":{"uid":"cs8a20c1879830f046"}},{"item_title":"Umbrellas","section_link":[],"custom_link":"","_metadata":{"uid":"csde45d9e8ae76f4de"}},{"item_title":"Eyewear","section_link":[],"custom_link":"","_metadata":{"uid":"cs180893fa57556da4"}}],"_metadata":{"uid":"cs8ecb09354af3a3cd"}},{"group_title":"Scarves","section_link":[],"custom_link":"","menu_item":[{"item_title":"All Scarves","section_link":[],"custom_link":"","_metadata":{"uid":"cs751f917509fcfc18"}},{"item_title":"Cashmere Scarves","section_link":[],"custom_link":"","_metadata":{"uid":"cscce2c7d80e75decd"}},{"item_title":"Lightweight Scarves","section_link":[],"custom_link":"","_metadata":{"uid":"cs56bcb7e1ebde5e43"}}],"_metadata":{"uid":"cs7bbe683401f590ee"}}],"_metadata":{"uid":"csc283e0f45f3670d6"}},{"group":[{"group_title":"Shoe","section_link":[],"custom_link":"","menu_item":[{"item_title":"All Shoes","section_link":[],"custom_link":"","_metadata":{"uid":"cs06fe1d1ea0032047"}},{"item_title":"Sneakers","section_link":[],"custom_link":"","_metadata":{"uid":"cs3f2f0de0496b41c0"}},{"item_title":"Sandals & Espadrilles","section_link":[],"custom_link":"","_metadata":{"uid":"csee8dcdaf56f5d669"}},{"item_title":"Formals","section_link":[],"custom_link":"","_metadata":{"uid":"cs1329ba4a3d168be7"}},{"item_title":"Boots","section_link":[],"custom_link":"","_metadata":{"uid":"csd2c17d80b709a311"}}],"_metadata":{"uid":"cs89ddc14226afeca9"}},{"group_title":"Fragrance","section_link":[],"custom_link":"","menu_item":[{"item_title":"All Fragrance","section_link":[],"custom_link":"","_metadata":{"uid":"cs4ee91d536d6f7734"}},{"item_title":"Mr. Burberry","section_link":[],"custom_link":"","_metadata":{"uid":"cs980991ccea8783d9"}}],"_metadata":{"uid":"cs958a13af32c52fa1"}},{"group_title":"Gifts","section_link":[],"custom_link":"","menu_item":[{"item_title":"All Gifts","section_link":[],"custom_link":"","_metadata":{"uid":"cscd7e0cb6e22d6fd6"}},{"item_title":"Personalised Gifts for Him","section_link":[],"custom_link":"","_metadata":{"uid":"csf88b9fa15d6eb23d"}},{"item_title":"Grooming","section_link":[],"custom_link":"","_metadata":{"uid":"csfbe3cdc3b2f37b9f"}}],"_metadata":{"uid":"csdb4c68c4dcc4c681"}}],"_metadata":{"uid":"cs17694903fd0709c4"}}],"_metadata":{"uid":"cs6b594e3eabad8c76"}},{"menu_title":"Women","section_link":[{"uid":"bltd1e55e700f8fd1f8","_content_type_uid":"sections"}],"custom_link":"/women-custom-link","column":[{"group":[{"group_title":"Scarves","section_link":[],"custom_link":"","menu_item":[{"item_title":"All Scarves","section_link":[],"custom_link":"","_metadata":{"uid":"csfb364ba112b06972"}},{"item_title":"Lightweight & Scarves","section_link":[],"custom_link":"","_metadata":{"uid":"cs8800440a2fc9b5a4"}},{"item_title":"Cashmere Scarves","section_link":[],"custom_link":"","_metadata":{"uid":"cs13edfc61dc70d9a3"}},{"item_title":"Silk Scarves","section_link":[],"custom_link":"","_metadata":{"uid":"cs52679ecb2bb65eb4"}}],"_metadata":{"uid":"cs7c2e831fa563cf29"}},{"group_title":"Bags","section_link":[],"custom_link":"","menu_item":[{"item_title":"All Bags","section_link":[],"custom_link":"","_metadata":{"uid":"csd75e2d3a0de5b60b"}},{"item_title":"The TB Bag","section_link":[],"custom_link":"","_metadata":{"uid":"cs930d26063cb7f15a"}},{"item_title":"The Belt Bag","section_link":[],"custom_link":"","_metadata":{"uid":"cs80bbdfc0c6e1c7e0"}},{"item_title":"Signature Bags","section_link":[],"custom_link":"","_metadata":{"uid":"cs6290d8134ef614e0"}},{"item_title":"small & Mini Bags","section_link":[],"custom_link":"","_metadata":{"uid":"cs0ae0f5da01494299"}},{"item_title":"Tote Bags","section_link":[],"custom_link":"","_metadata":{"uid":"csfa636ca4fc9b071e"}},{"item_title":"Bagpacks","section_link":[],"custom_link":"","_metadata":{"uid":"csf2e8440b089b0ec5"}},{"item_title":"Crossbody Bags","section_link":[],"custom_link":"","_metadata":{"uid":"csd2d9b946b33b3151"}},{"item_title":"Shoulder Bags","section_link":[],"custom_link":"","_metadata":{"uid":"cs2a06386ed55c174b"}}],"_metadata":{"uid":"cs7dd54099c6b85736"}}],"_metadata":{"uid":"csa543e8860bdd1a95"}},{"group":[{"group_title":"Gifts","section_link":[{"uid":"blt4169d3d00c71ba4c","_content_type_uid":"sections"}],"custom_link":"","menu_item":[{"item_title":"All Gifts","section_link":[{"uid":"blt7e13ea5fe4143533","_content_type_uid":"sections"}],"custom_link":"","_metadata":{"uid":"cs595e9ce5b178d2fb"}},{"item_title":"Personalised Gifts for Her","section_link":[{"uid":"blt266a78126023d1f9","_content_type_uid":"sections"}],"custom_link":"","_metadata":{"uid":"csadcb5e1ff1f94bda"}},{"item_title":"Beauty","section_link":[{"uid":"blt3015e5b6e914007a","_content_type_uid":"sections"}],"custom_link":"","_metadata":{"uid":"csc4818818ab67fbb2"}}],"_metadata":{"uid":"cs6ef241776ec18112"}},{"group_title":"New Arrivals","section_link":[{"uid":"blt7a5517e841d1dbf5","_content_type_uid":"sections"}],"custom_link":"/womens-new-arrival-custom-link","menu_item":[{"item_title":"New In","section_link":[{"uid":"blt7a5517e841d1dbf5","_content_type_uid":"sections"}],"custom_link":"/women-new-arrivals-custom-link","_metadata":{"uid":"csd869ce72f656b9cb"}},{"item_title":"Tennis Whites","section_link":[{"uid":"blt7a5517e841d1dbf5","_content_type_uid":"sections"}],"custom_link":"","_metadata":{"uid":"cs045bd787b3e91992"}},{"item_title":"Autumn 2019 Collection","section_link":[{"uid":"blt7a5517e841d1dbf5","_content_type_uid":"sections"}],"custom_link":"","_metadata":{"uid":"csddc49f55e27bdd79"}},{"item_title":"The Monogram Collection","section_link":[{"uid":"blt7a5517e841d1dbf5","_content_type_uid":"sections"}],"custom_link":"","_metadata":{"uid":"cs43c266e98186f29d"}},{"item_title":"The TB Bag Collection","section_link":[{"uid":"blt7a5517e841d1dbf5","_content_type_uid":"sections"}],"custom_link":"","_metadata":{"uid":"cs78d12bc9c4759ebd"}},{"item_title":"Scarf Prints","section_link":[{"uid":"blt7a5517e841d1dbf5","_content_type_uid":"sections"}],"custom_link":"","_metadata":{"uid":"cs3d480782dc7430cc"}},{"item_title":"Checks & Stripes","section_link":[],"custom_link":"","_metadata":{"uid":"cs51a0e01671a9245b"}}],"_metadata":{"uid":"cse4eb859eee32ba43"}}],"_metadata":{"uid":"cs3c84e72167af2b17"}},{"group":[{"group_title":"Clothing","section_link":[{"uid":"blta3e61fa16c756610","_content_type_uid":"sections"}],"custom_link":"","menu_item":[{"item_title":"All Coats & Jackets","section_link":[{"uid":"bltc75febf4fd30bc0d","_content_type_uid":"sections"}],"custom_link":"","_metadata":{"uid":"csc85df36338c2ec72"}},{"item_title":"The Trench Coat","section_link":[{"uid":"blt3281970b8df74a0e","_content_type_uid":"sections"}],"custom_link":"","_metadata":{"uid":"cs84b0c84aaad5c6cb"}},{"item_title":"Coats","section_link":[{"uid":"blt71d62fcb5539d0c2","_content_type_uid":"sections"}],"custom_link":"","_metadata":{"uid":"cse5916ef7778a3f65"}},{"item_title":"Jackets","section_link":[{"uid":"blt8df62a917d0d4b9d","_content_type_uid":"sections"}],"custom_link":"","_metadata":{"uid":"cs67a658ea4a4337d2"}},{"item_title":"Quilts & Puffers","section_link":[{"uid":"bltbe561585995c89aa","_content_type_uid":"sections"}],"custom_link":"","_metadata":{"uid":"cs32991240b3de69a2"}},{"item_title":"Ponchos & Capes","section_link":[{"uid":"blt1d3f9a5a04b7e484","_content_type_uid":"sections"}],"custom_link":"","_metadata":{"uid":"cs7874e6818642cf84"}},{"item_title":"Tailoring","section_link":[{"uid":"blt2fe9c05a12394bea","_content_type_uid":"sections"}],"custom_link":"","_metadata":{"uid":"cs4873d68cc21e2204"}},{"item_title":"Dressed & Jumpsuits","section_link":[{"uid":"blte179b9eee41b9cd0","_content_type_uid":"sections"}],"custom_link":"","_metadata":{"uid":"csc2511fa7188db327"}},{"item_title":"Knitwear","section_link":[{"uid":"blt916882dd5f473b3c","_content_type_uid":"sections"}],"custom_link":"","_metadata":{"uid":"cse1d7b97473d1ba21"}},{"item_title":"Hoodies & Sweatshirts","section_link":[{"uid":"blta1e71b33f6ccc1c5","_content_type_uid":"sections"}],"custom_link":"","_metadata":{"uid":"csea1c7ce18ba4d09f"}},{"item_title":"Shirts & Tops","section_link":[{"uid":"blt4da517e97cc18f8c","_content_type_uid":"sections"}],"custom_link":"","_metadata":{"uid":"cs8b5d8ab6145a524b"}},{"item_title":"T-shirts","section_link":[{"uid":"blt4da517e97cc18f8c","_content_type_uid":"sections"}],"custom_link":"","_metadata":{"uid":"csa31090e115a3d40a"}},{"item_title":"Skirt","section_link":[],"custom_link":"","_metadata":{"uid":"cs401ab3a3fe12f64d"}},{"item_title":"Trousers & Jeans","section_link":[],"custom_link":"","_metadata":{"uid":"cs947f88de26ca2f45"}},{"item_title":"Swimwear","section_link":[],"custom_link":"","_metadata":{"uid":"cs556c48f722fbe36e"}}],"_metadata":{"uid":"cse822f9f64d2a17f5"}}],"_metadata":{"uid":"cs929505073e0eed3a"}},{"group":[{"group_title":"Accessories","section_link":[],"custom_link":"","menu_item":[{"item_title":"Scarves","section_link":[],"custom_link":"","_metadata":{"uid":"cs385d8502848f85b9"}},{"item_title":"Wallets & Card Cases","section_link":[],"custom_link":"","_metadata":{"uid":"csf2c0bf0dbc40e198"}},{"item_title":"Travel Accessories","section_link":[],"custom_link":"","_metadata":{"uid":"cs6673b279b3dd3e5c"}},{"item_title":"Belts","section_link":[],"custom_link":"","_metadata":{"uid":"cs68b5fa533938a920"}},{"item_title":"Jewellery","section_link":[],"custom_link":"","_metadata":{"uid":"cs7bc6c9759fdfc5a2"}},{"item_title":"Hats & Gloves","section_link":[],"custom_link":"","_metadata":{"uid":"cse6c6b9f96b63720c"}},{"item_title":"Eyewear","section_link":[],"custom_link":"","_metadata":{"uid":"csf19e89c3723640de"}}],"_metadata":{"uid":"csb47d946d8a0bee67"}},{"group_title":"Shoes","section_link":[],"custom_link":"","menu_item":[{"item_title":"All Shoes","section_link":[],"custom_link":"","_metadata":{"uid":"cse1517dae64b62f74"}},{"item_title":"Sneakers","section_link":[],"custom_link":"","_metadata":{"uid":"cs21762b7840330141"}},{"item_title":"Flats & Sandals","section_link":[],"custom_link":"","_metadata":{"uid":"cs4c323fd7b08e6782"}},{"item_title":"Pumps","section_link":[],"custom_link":"","_metadata":{"uid":"cs69133d82446f14c3"}},{"item_title":"Boots","section_link":[],"custom_link":"","_metadata":{"uid":"cs03b86670123fd68d"}}],"_metadata":{"uid":"cs55189626a4ec2878"}}],"_metadata":{"uid":"cs346531494963d0d3"}},{"group":[{"group_title":"Makeup","section_link":[],"custom_link":"","menu_item":[{"item_title":"All Make-UP","section_link":[],"custom_link":"","_metadata":{"uid":"cs92559a9d0291e1d4"}},{"item_title":"Face","section_link":[],"custom_link":"","_metadata":{"uid":"csf7bfa1927b873243"}},{"item_title":"Lips","section_link":[],"custom_link":"","_metadata":{"uid":"cs9ac9b61a6582a1ea"}},{"item_title":"Eyes","section_link":[],"custom_link":"","_metadata":{"uid":"csd2a5c861a1f8eebf"}},{"item_title":"Nails","section_link":[],"custom_link":"","_metadata":{"uid":"cs1fd11f5bac1c9ac8"}}],"_metadata":{"uid":"cs436351f082338dd9"}}],"_metadata":{"uid":"cs422e3e30c2169a47"}}],"_metadata":{"uid":"cs102ca2a14a5da8f3"}},{"menu_title":"Children","section_link":[{"uid":"blt6df73ef9e676aa72","_content_type_uid":"sections"}],"custom_link":"","column":[{"group":[{"group_title":"New Arrivals","section_link":[],"custom_link":"","menu_item":[{"item_title":"New In","section_link":[],"custom_link":"","_metadata":{"uid":"cs7f88cb70323d3f56"}},{"item_title":"Boy's New In","section_link":[],"custom_link":"","_metadata":{"uid":"csbebe8aa6a9f07691"}},{"item_title":"Girl's New In","section_link":[],"custom_link":"","_metadata":{"uid":"cs4789953150f41dfc"}},{"item_title":"Checks & Stripes","section_link":[],"custom_link":"","_metadata":{"uid":"cs3b715e447fa6abf5"}},{"item_title":"Vacation Edit","section_link":[],"custom_link":"","_metadata":{"uid":"cse51af5cbe437d326"}}],"_metadata":{"uid":"csd3ffab1ad94713f7"}},{"group_title":"Gifts","section_link":[],"custom_link":"","menu_item":[{"item_title":"All Gifts","section_link":[],"custom_link":"","_metadata":{"uid":"csa648f36ea42250b5"}},{"item_title":"Baby Gifts","section_link":[],"custom_link":"","_metadata":{"uid":"cs847071d287628cbb"}}],"_metadata":{"uid":"cs2a3f135d88670bc9"}}],"_metadata":{"uid":"cs0bb6e1fa9d85d962"}},{"group":[{"group_title":"Baby 0-24 MTHS","section_link":[],"custom_link":"","menu_item":[{"item_title":"All Baby","section_link":[],"custom_link":"","_metadata":{"uid":"cs29794309df7d5c32"}},{"item_title":"Gift Sets","section_link":[],"custom_link":"","_metadata":{"uid":"cs0732e19cb39fe8b5"}},{"item_title":"Baby Grows","section_link":[],"custom_link":"","_metadata":{"uid":"cs2aafbb8ed83726c1"}},{"item_title":"Coats & Jackets","section_link":[],"custom_link":"","_metadata":{"uid":"cs7fbd842c213a81d7"}},{"item_title":"Dresses","section_link":[],"custom_link":"","_metadata":{"uid":"cs2538e9c9cf5ad7e6"}},{"item_title":"Tops","section_link":[],"custom_link":"","_metadata":{"uid":"csef58f97e200251ce"}},{"item_title":"Knitwear & Sweatshirts","section_link":[],"custom_link":"","_metadata":{"uid":"csb3a32dbaa1633bd7"}},{"item_title":"Skirts & Trousers","section_link":[],"custom_link":"","_metadata":{"uid":"csdc1ad1b0f84edd72"}},{"item_title":"Swimwear","section_link":[],"custom_link":"","_metadata":{"uid":"csd6fda0ed9c0b5027"}},{"item_title":"Changing Bags","section_link":[],"custom_link":"","_metadata":{"uid":"cs990ca5b2333bcfee"}}],"_metadata":{"uid":"csd7a376775c0f819b"}}],"_metadata":{"uid":"csf588f45335db6e56"}},{"group":[{"group_title":"Girl 0-14 YRS","section_link":[],"custom_link":"","menu_item":[{"item_title":"All Girl","section_link":[],"custom_link":"","_metadata":{"uid":"cs1f47201ee13ce1d0"}},{"item_title":"Coats & Jackets","section_link":[],"custom_link":"","_metadata":{"uid":"cs5a0c1e19692697b0"}},{"item_title":"Trench Coats","section_link":[],"custom_link":"","_metadata":{"uid":"cs052fe987576c50f7"}},{"item_title":"Quilts & Puffers","section_link":[],"custom_link":"","_metadata":{"uid":"cs5e90760158e7bed8"}},{"item_title":"Dresses & Jumpsuits","section_link":[],"custom_link":"","_metadata":{"uid":"csa2acd75d6b179760"}},{"item_title":"Tops","section_link":[],"custom_link":"","_metadata":{"uid":"cs7c2784fe02a1a4f8"}}],"_metadata":{"uid":"cs6da25b7ad4a2ca13"}}],"_metadata":{"uid":"cs2401bc5af6c624ac"}},{"group":[{"group_title":"Boy 3-14 YRS","section_link":[],"custom_link":"","menu_item":[{"item_title":"All Boy","section_link":[],"custom_link":"","_metadata":{"uid":"csa457c0f41319a479"}},{"item_title":"Coats & Jackets","section_link":[],"custom_link":"","_metadata":{"uid":"cs4a036024c1109668"}},{"item_title":"Trench Coats","section_link":[],"custom_link":"","_metadata":{"uid":"csf71d4109b2e14fc6"}},{"item_title":"Quilts & Puffers","section_link":[],"custom_link":"","_metadata":{"uid":"cs209e99f2704b682d"}},{"item_title":"Knitwear & Sweatshirts","section_link":[],"custom_link":"","_metadata":{"uid":"csb285953b8067a586"}},{"item_title":"Polos & T-shirts","section_link":[],"custom_link":"","_metadata":{"uid":"cs8a8d3d654f7e3543"}},{"item_title":"Shirts","section_link":[],"custom_link":"","_metadata":{"uid":"cs2f2c025df299b736"}},{"item_title":"Trousers","section_link":[],"custom_link":"","_metadata":{"uid":"cs4dd3e9af30ee2a62"}},{"item_title":"Swimwear","section_link":[],"custom_link":"","_metadata":{"uid":"csf1f63646c19d0ba1"}}],"_metadata":{"uid":"csc8735511be0bf7b4"}}],"_metadata":{"uid":"cs79f9c81ee306d8b6"}},{"group":[{"group_title":"Accessories","section_link":[],"custom_link":"","menu_item":[{"item_title":"All Accessories","section_link":[],"custom_link":"","_metadata":{"uid":"csbbb888ddc9a7b571"}},{"item_title":"Bags","section_link":[],"custom_link":"","_metadata":{"uid":"cs439aa89e2286d7ca"}},{"item_title":"Shoes","section_link":[],"custom_link":"","_metadata":{"uid":"cs41ecfca0d90b30af"}},{"item_title":"Hats & Socks","section_link":[],"custom_link":"","_metadata":{"uid":"csf987b0962112ac20"}},{"item_title":"Scarves","section_link":[],"custom_link":"","_metadata":{"uid":"cs2f543951806f2bf6"}},{"item_title":"Baby Changing Bags","section_link":[],"custom_link":"","_metadata":{"uid":"csba8d2b77b3bc19ea"}},{"item_title":"Baby Nests & Blankets","section_link":[],"custom_link":"","_metadata":{"uid":"cs038e9cc6424ba03e"}}],"_metadata":{"uid":"cs365c3604bd96e2cd"}}],"_metadata":{"uid":"csb474d470bd4d0149"}}],"_metadata":{"uid":"cs64e365cfb6a6d397"}},{"menu_title":"Weekend Sale","section_link":[],"custom_link":"/lp/weekend-sale","column":[],"_metadata":{"uid":"cs147fd9fd5959bef2"}}],"tags":[],"locale":"en-us","ACL":{},"uid":"blt6921ef6b05ae270f","created_by":"blt8bcfdc841f43ac8a","updated_by":"blt8bcfdc841f43ac8a","created_at":"2021-01-20T05:22:20.356Z","updated_at":"2021-01-20T05:23:53.863Z","_version":2,"_in_progress":false,"publish_details":[{"environment":"blt970bbac636ca0e82","locale":"fr-fr","time":"2021-01-20T05:50:53.398Z","user":"blt8bcfdc841f43ac8a","version":2},{"environment":"blt0e9ace0c0fdccca5","locale":"fr-fr","time":"2021-01-20T05:50:53.398Z","user":"blt8bcfdc841f43ac8a","version":2},{"environment":"blt2c8444d44e81a3fd","locale":"fr-fr","time":"2021-01-20T05:50:53.398Z","user":"blt8bcfdc841f43ac8a","version":2},{"environment":"blt970bbac636ca0e82","locale":"es","time":"2021-01-20T05:51:25.844Z","user":"blt8bcfdc841f43ac8a","version":2},{"environment":"blt0e9ace0c0fdccca5","locale":"es","time":"2021-01-20T05:51:25.844Z","user":"blt8bcfdc841f43ac8a","version":2},{"environment":"blt2c8444d44e81a3fd","locale":"es","time":"2021-01-20T05:51:25.844Z","user":"blt8bcfdc841f43ac8a","version":2},{"environment":"blt970bbac636ca0e82","locale":"ar","time":"2021-01-20T05:50:09.112Z","user":"blt8bcfdc841f43ac8a","version":2},{"environment":"blt0e9ace0c0fdccca5","locale":"ar","time":"2021-01-20T05:50:09.112Z","user":"blt8bcfdc841f43ac8a","version":2},{"environment":"blt2c8444d44e81a3fd","locale":"ar","time":"2021-01-20T05:50:09.112Z","user":"blt8bcfdc841f43ac8a","version":2},{"environment":"blt0e9ace0c0fdccca5","locale":"he-il","time":"2021-01-20T05:51:13.628Z","user":"blt8bcfdc841f43ac8a","version":2},{"environment":"blt2c8444d44e81a3fd","locale":"he-il","time":"2021-01-20T05:51:13.628Z","user":"blt8bcfdc841f43ac8a","version":2},{"environment":"blt970bbac636ca0e82","locale":"he-il","time":"2021-01-20T05:51:13.628Z","user":"blt8bcfdc841f43ac8a","version":2},{"environment":"blt2c8444d44e81a3fd","locale":"en-us","time":"2021-01-20T05:51:38.708Z","user":"blt8bcfdc841f43ac8a","version":2},{"environment":"blt970bbac636ca0e82","locale":"en-us","time":"2021-01-20T05:51:38.708Z","user":"blt8bcfdc841f43ac8a","version":2},{"environment":"blt0e9ace0c0fdccca5","locale":"en-us","time":"2021-01-20T05:51:38.708Z","user":"blt8bcfdc841f43ac8a","version":2}]}}