{"bltae5461a6e1ce4662":{"title":"Sales Demo","url":"/","tags":[],"locale":"en-us","new_arrivals":[{"title":"Men’s New Arrivals","products":[{"uid":"blt6342eaf6ebd9def2","_content_type_uid":"product"},{"uid":"bltd6b1c23c4bae9570","_content_type_uid":"product"},{"uid":"blta0891226d306f3c4","_content_type_uid":"product"},{"uid":"bltbfefbafd9ca83e81","_content_type_uid":"product"}],"_metadata":{"uid":"cs26751de5c7868873"}},{"title":"Women's New Arrivals","products":[{"uid":"bltfa157abdc1cb6c0e","_content_type_uid":"product"},{"uid":"blt788841438e4be865","_content_type_uid":"product"},{"uid":"bltd9a95f9d1f0a4a7d","_content_type_uid":"product"},{"uid":"blt7cdcf40bfdf62627","_content_type_uid":"product"}],"_metadata":{"uid":"cs11118202e77cc11e"}}],"ACL":{},"ab_banner":[],"carousel":{"items":[{"title":"Unbeatable Prices","description":"Lorem ipsum dolor sit amet, consectetur adipiscing elit.","image":{"uid":"blt24574506ebbe8857","created_at":"2021-01-20T05:05:35.491Z","updated_at":"2021-01-20T05:05:35.491Z","created_by":"blt8bcfdc841f43ac8a","updated_by":"blt8bcfdc841f43ac8a","content_type":"image/jpeg","file_size":"10930465","tags":[],"filename":"clark-street-mercantile-P3pI6xzovu0-unsplash.jpg","url":"https://images.contentstack.io/v3/assets/blt58e76b141f182239/blt24574506ebbe8857/6007ba1f21a99e11ce9e9cdc/clark-street-mercantile-P3pI6xzovu0-unsplash.jpg","ACL":[],"is_dir":false,"parent_uid":"blt5a18143fc3bba6e3","_version":1,"title":"clark-street-mercantile-P3pI6xzovu0-unsplash.jpg","publish_details":[{"environment":"blt0e9ace0c0fdccca5","locale":"ar","time":"2021-01-20T05:30:52.098Z","user":"blt8bcfdc841f43ac8a","version":1},{"environment":"blt2c8444d44e81a3fd","locale":"ar","time":"2021-01-20T05:30:52.098Z","user":"blt8bcfdc841f43ac8a","version":1},{"environment":"blt970bbac636ca0e82","locale":"ar","time":"2021-01-20T05:30:52.098Z","user":"blt8bcfdc841f43ac8a","version":1},{"environment":"blt2c8444d44e81a3fd","locale":"fr-fr","time":"2021-01-20T05:30:52.108Z","user":"blt8bcfdc841f43ac8a","version":1},{"environment":"blt970bbac636ca0e82","locale":"fr-fr","time":"2021-01-20T05:30:52.108Z","user":"blt8bcfdc841f43ac8a","version":1},{"environment":"blt0e9ace0c0fdccca5","locale":"fr-fr","time":"2021-01-20T05:30:52.108Z","user":"blt8bcfdc841f43ac8a","version":1},{"environment":"blt2c8444d44e81a3fd","locale":"he-il","time":"2021-01-20T05:30:52.116Z","user":"blt8bcfdc841f43ac8a","version":1},{"environment":"blt0e9ace0c0fdccca5","locale":"he-il","time":"2021-01-20T05:30:52.116Z","user":"blt8bcfdc841f43ac8a","version":1},{"environment":"blt970bbac636ca0e82","locale":"he-il","time":"2021-01-20T05:30:52.116Z","user":"blt8bcfdc841f43ac8a","version":1},{"environment":"blt2c8444d44e81a3fd","locale":"es","time":"2021-01-20T05:30:52.124Z","user":"blt8bcfdc841f43ac8a","version":1},{"environment":"blt970bbac636ca0e82","locale":"es","time":"2021-01-20T05:30:52.125Z","user":"blt8bcfdc841f43ac8a","version":1},{"environment":"blt0e9ace0c0fdccca5","locale":"es","time":"2021-01-20T05:30:52.125Z","user":"blt8bcfdc841f43ac8a","version":1},{"environment":"blt0e9ace0c0fdccca5","locale":"en-us","time":"2021-01-20T05:30:52.133Z","user":"blt8bcfdc841f43ac8a","version":1},{"environment":"blt970bbac636ca0e82","locale":"en-us","time":"2021-01-20T05:30:52.133Z","user":"blt8bcfdc841f43ac8a","version":1},{"environment":"blt2c8444d44e81a3fd","locale":"en-us","time":"2021-01-20T05:30:52.133Z","user":"blt8bcfdc841f43ac8a","version":1}]},"_metadata":{"uid":"cs21bb549713de825d"}},{"title":"Refer Friends and Save","description":"Lorem ipsum dolor sit amet, consectetur adipiscing elit.","image":{"uid":"blt3192da67f4a0b37a","created_at":"2021-01-20T05:06:36.974Z","updated_at":"2021-01-20T05:06:36.974Z","created_by":"blt8bcfdc841f43ac8a","updated_by":"blt8bcfdc841f43ac8a","content_type":"image/jpeg","file_size":"628014","tags":["box","person","human","bag","finger"],"filename":"jacek-dylag-jo8C9bt3uo8-unsplash.jpg","url":"https://images.contentstack.io/v3/assets/blt58e76b141f182239/blt3192da67f4a0b37a/6007ba5c26942411a22b8818/jacek-dylag-jo8C9bt3uo8-unsplash.jpg","ACL":[],"is_dir":false,"parent_uid":"blt5a18143fc3bba6e3","_version":1,"title":"jacek-dylag-jo8C9bt3uo8-unsplash.jpg","publish_details":[{"environment":"blt2c8444d44e81a3fd","locale":"ar","time":"2021-01-20T05:30:43.894Z","user":"blt8bcfdc841f43ac8a","version":1},{"environment":"blt970bbac636ca0e82","locale":"ar","time":"2021-01-20T05:30:43.894Z","user":"blt8bcfdc841f43ac8a","version":1},{"environment":"blt0e9ace0c0fdccca5","locale":"ar","time":"2021-01-20T05:30:43.894Z","user":"blt8bcfdc841f43ac8a","version":1},{"environment":"blt0e9ace0c0fdccca5","locale":"fr-fr","time":"2021-01-20T05:30:43.904Z","user":"blt8bcfdc841f43ac8a","version":1},{"environment":"blt2c8444d44e81a3fd","locale":"fr-fr","time":"2021-01-20T05:30:43.904Z","user":"blt8bcfdc841f43ac8a","version":1},{"environment":"blt970bbac636ca0e82","locale":"fr-fr","time":"2021-01-20T05:30:43.904Z","user":"blt8bcfdc841f43ac8a","version":1},{"environment":"blt2c8444d44e81a3fd","locale":"he-il","time":"2021-01-20T05:30:43.914Z","user":"blt8bcfdc841f43ac8a","version":1},{"environment":"blt970bbac636ca0e82","locale":"he-il","time":"2021-01-20T05:30:43.914Z","user":"blt8bcfdc841f43ac8a","version":1},{"environment":"blt0e9ace0c0fdccca5","locale":"he-il","time":"2021-01-20T05:30:43.914Z","user":"blt8bcfdc841f43ac8a","version":1},{"environment":"blt2c8444d44e81a3fd","locale":"es","time":"2021-01-20T05:30:43.924Z","user":"blt8bcfdc841f43ac8a","version":1},{"environment":"blt0e9ace0c0fdccca5","locale":"es","time":"2021-01-20T05:30:43.924Z","user":"blt8bcfdc841f43ac8a","version":1},{"environment":"blt970bbac636ca0e82","locale":"es","time":"2021-01-20T05:30:43.924Z","user":"blt8bcfdc841f43ac8a","version":1},{"environment":"blt970bbac636ca0e82","locale":"en-us","time":"2021-01-20T05:30:43.939Z","user":"blt8bcfdc841f43ac8a","version":1},{"environment":"blt2c8444d44e81a3fd","locale":"en-us","time":"2021-01-20T05:30:43.939Z","user":"blt8bcfdc841f43ac8a","version":1},{"environment":"blt0e9ace0c0fdccca5","locale":"en-us","time":"2021-01-20T05:30:43.939Z","user":"blt8bcfdc841f43ac8a","version":1}]},"_metadata":{"uid":"csc96c147814986f50"}},{"title":"All Sizes, All Fits","description":"Lorem ipsum dolor sit amet, consectetur adipiscing elit.","image":{"uid":"blt681bb21db62132ef","created_at":"2021-01-20T05:07:56.720Z","updated_at":"2021-01-20T05:07:56.720Z","created_by":"blt8bcfdc841f43ac8a","updated_by":"blt8bcfdc841f43ac8a","content_type":"image/jpeg","file_size":"14925356","tags":[],"filename":"keagan-henman-ufuk99QfQTg-unsplash.jpg","url":"https://images.contentstack.io/v3/assets/blt58e76b141f182239/blt681bb21db62132ef/6007baac2f839211fb16ef1a/keagan-henman-ufuk99QfQTg-unsplash.jpg","ACL":[],"is_dir":false,"parent_uid":"blt5a18143fc3bba6e3","_version":1,"title":"keagan-henman-ufuk99QfQTg-unsplash.jpg","publish_details":[{"environment":"blt970bbac636ca0e82","locale":"ar","time":"2021-01-20T05:30:33.261Z","user":"blt8bcfdc841f43ac8a","version":1},{"environment":"blt0e9ace0c0fdccca5","locale":"ar","time":"2021-01-20T05:30:33.261Z","user":"blt8bcfdc841f43ac8a","version":1},{"environment":"blt2c8444d44e81a3fd","locale":"ar","time":"2021-01-20T05:30:33.261Z","user":"blt8bcfdc841f43ac8a","version":1},{"environment":"blt970bbac636ca0e82","locale":"fr-fr","time":"2021-01-20T05:30:33.276Z","user":"blt8bcfdc841f43ac8a","version":1},{"environment":"blt0e9ace0c0fdccca5","locale":"fr-fr","time":"2021-01-20T05:30:33.276Z","user":"blt8bcfdc841f43ac8a","version":1},{"environment":"blt2c8444d44e81a3fd","locale":"fr-fr","time":"2021-01-20T05:30:33.276Z","user":"blt8bcfdc841f43ac8a","version":1},{"environment":"blt2c8444d44e81a3fd","locale":"he-il","time":"2021-01-20T05:30:33.289Z","user":"blt8bcfdc841f43ac8a","version":1},{"environment":"blt970bbac636ca0e82","locale":"he-il","time":"2021-01-20T05:30:33.289Z","user":"blt8bcfdc841f43ac8a","version":1},{"environment":"blt0e9ace0c0fdccca5","locale":"he-il","time":"2021-01-20T05:30:33.289Z","user":"blt8bcfdc841f43ac8a","version":1},{"environment":"blt970bbac636ca0e82","locale":"es","time":"2021-01-20T05:30:33.299Z","user":"blt8bcfdc841f43ac8a","version":1},{"environment":"blt0e9ace0c0fdccca5","locale":"es","time":"2021-01-20T05:30:33.299Z","user":"blt8bcfdc841f43ac8a","version":1},{"environment":"blt2c8444d44e81a3fd","locale":"es","time":"2021-01-20T05:30:33.299Z","user":"blt8bcfdc841f43ac8a","version":1},{"environment":"blt970bbac636ca0e82","locale":"en-us","time":"2021-01-20T05:30:33.308Z","user":"blt8bcfdc841f43ac8a","version":1},{"environment":"blt0e9ace0c0fdccca5","locale":"en-us","time":"2021-01-20T05:30:33.308Z","user":"blt8bcfdc841f43ac8a","version":1},{"environment":"blt2c8444d44e81a3fd","locale":"en-us","time":"2021-01-20T05:30:33.308Z","user":"blt8bcfdc841f43ac8a","version":1}]},"_metadata":{"uid":"cs5431ccf3a6a99177"}}]},"modular_blocks":[{"three_columns_of_details":{"columns":[{"title":"24/7 Support","description":"Lorem ipsum dolor sit amet, consectetur adipiscing elit.","image":{"uid":"blt257610e6c8e77323","created_at":"2021-01-20T05:09:48.441Z","updated_at":"2021-01-20T05:09:48.441Z","created_by":"blt8bcfdc841f43ac8a","updated_by":"blt8bcfdc841f43ac8a","content_type":"image/svg+xml","file_size":"1215","tags":[],"filename":"customer-service.svg","url":"https://images.contentstack.io/v3/assets/blt58e76b141f182239/blt257610e6c8e77323/6007bb1c684856117dd1f718/customer-service.svg","ACL":[],"is_dir":false,"parent_uid":"blte39c811b20c1b4df","_version":1,"title":"customer-service.svg","publish_details":[{"environment":"blt2c8444d44e81a3fd","locale":"ar","time":"2021-01-20T05:30:16.756Z","user":"blt8bcfdc841f43ac8a","version":1},{"environment":"blt0e9ace0c0fdccca5","locale":"ar","time":"2021-01-20T05:30:16.756Z","user":"blt8bcfdc841f43ac8a","version":1},{"environment":"blt970bbac636ca0e82","locale":"ar","time":"2021-01-20T05:30:16.756Z","user":"blt8bcfdc841f43ac8a","version":1},{"environment":"blt2c8444d44e81a3fd","locale":"fr-fr","time":"2021-01-20T05:30:16.764Z","user":"blt8bcfdc841f43ac8a","version":1},{"environment":"blt0e9ace0c0fdccca5","locale":"fr-fr","time":"2021-01-20T05:30:16.764Z","user":"blt8bcfdc841f43ac8a","version":1},{"environment":"blt970bbac636ca0e82","locale":"fr-fr","time":"2021-01-20T05:30:16.765Z","user":"blt8bcfdc841f43ac8a","version":1},{"environment":"blt0e9ace0c0fdccca5","locale":"he-il","time":"2021-01-20T05:30:16.773Z","user":"blt8bcfdc841f43ac8a","version":1},{"environment":"blt970bbac636ca0e82","locale":"he-il","time":"2021-01-20T05:30:16.773Z","user":"blt8bcfdc841f43ac8a","version":1},{"environment":"blt2c8444d44e81a3fd","locale":"he-il","time":"2021-01-20T05:30:16.773Z","user":"blt8bcfdc841f43ac8a","version":1},{"environment":"blt2c8444d44e81a3fd","locale":"es","time":"2021-01-20T05:30:16.781Z","user":"blt8bcfdc841f43ac8a","version":1},{"environment":"blt0e9ace0c0fdccca5","locale":"es","time":"2021-01-20T05:30:16.781Z","user":"blt8bcfdc841f43ac8a","version":1},{"environment":"blt970bbac636ca0e82","locale":"es","time":"2021-01-20T05:30:16.781Z","user":"blt8bcfdc841f43ac8a","version":1},{"environment":"blt970bbac636ca0e82","locale":"en-us","time":"2021-01-20T05:30:16.791Z","user":"blt8bcfdc841f43ac8a","version":1},{"environment":"blt2c8444d44e81a3fd","locale":"en-us","time":"2021-01-20T05:30:16.790Z","user":"blt8bcfdc841f43ac8a","version":1},{"environment":"blt0e9ace0c0fdccca5","locale":"en-us","time":"2021-01-20T05:30:16.791Z","user":"blt8bcfdc841f43ac8a","version":1}]},"_metadata":{"uid":"cs839fc15841bb57d2"}},{"title":"Free Delivery","description":"Lorem ipsum dolor sit amet, consectetur adipiscing elit.","image":{"uid":"blt2ba402bd7d05e8f9","created_at":"2021-01-20T05:07:25.927Z","updated_at":"2021-01-20T05:07:25.927Z","created_by":"blt8bcfdc841f43ac8a","updated_by":"blt8bcfdc841f43ac8a","content_type":"image/svg+xml","file_size":"883","tags":[],"filename":"free-delivery.svg","url":"https://images.contentstack.io/v3/assets/blt58e76b141f182239/blt2ba402bd7d05e8f9/6007ba8d96c7a912204bf3d0/free-delivery.svg","ACL":[],"is_dir":false,"parent_uid":"blte39c811b20c1b4df","_version":1,"title":"free-delivery.svg","publish_details":[{"environment":"blt0e9ace0c0fdccca5","locale":"ar","time":"2021-01-20T05:30:37.858Z","user":"blt8bcfdc841f43ac8a","version":1},{"environment":"blt2c8444d44e81a3fd","locale":"ar","time":"2021-01-20T05:30:37.858Z","user":"blt8bcfdc841f43ac8a","version":1},{"environment":"blt970bbac636ca0e82","locale":"ar","time":"2021-01-20T05:30:37.858Z","user":"blt8bcfdc841f43ac8a","version":1},{"environment":"blt2c8444d44e81a3fd","locale":"fr-fr","time":"2021-01-20T05:30:37.868Z","user":"blt8bcfdc841f43ac8a","version":1},{"environment":"blt970bbac636ca0e82","locale":"fr-fr","time":"2021-01-20T05:30:37.868Z","user":"blt8bcfdc841f43ac8a","version":1},{"environment":"blt0e9ace0c0fdccca5","locale":"fr-fr","time":"2021-01-20T05:30:37.868Z","user":"blt8bcfdc841f43ac8a","version":1},{"environment":"blt0e9ace0c0fdccca5","locale":"he-il","time":"2021-01-20T05:30:37.876Z","user":"blt8bcfdc841f43ac8a","version":1},{"environment":"blt2c8444d44e81a3fd","locale":"he-il","time":"2021-01-20T05:30:37.876Z","user":"blt8bcfdc841f43ac8a","version":1},{"environment":"blt970bbac636ca0e82","locale":"he-il","time":"2021-01-20T05:30:37.876Z","user":"blt8bcfdc841f43ac8a","version":1},{"environment":"blt970bbac636ca0e82","locale":"es","time":"2021-01-20T05:30:37.885Z","user":"blt8bcfdc841f43ac8a","version":1},{"environment":"blt0e9ace0c0fdccca5","locale":"es","time":"2021-01-20T05:30:37.885Z","user":"blt8bcfdc841f43ac8a","version":1},{"environment":"blt2c8444d44e81a3fd","locale":"es","time":"2021-01-20T05:30:37.885Z","user":"blt8bcfdc841f43ac8a","version":1},{"environment":"blt2c8444d44e81a3fd","locale":"en-us","time":"2021-01-20T05:30:37.894Z","user":"blt8bcfdc841f43ac8a","version":1},{"environment":"blt970bbac636ca0e82","locale":"en-us","time":"2021-01-20T05:30:37.894Z","user":"blt8bcfdc841f43ac8a","version":1},{"environment":"blt0e9ace0c0fdccca5","locale":"en-us","time":"2021-01-20T05:30:37.894Z","user":"blt8bcfdc841f43ac8a","version":1}]},"_metadata":{"uid":"cs4fecafe0ecbea80b"}},{"title":"100-Night Trial","description":"Lorem ipsum dolor sit amet, consectetur adipiscing elit.","image":{"uid":"blt213ffdfd83876628","created_at":"2021-01-20T05:06:59.256Z","updated_at":"2021-01-20T05:06:59.256Z","created_by":"blt8bcfdc841f43ac8a","updated_by":"blt8bcfdc841f43ac8a","content_type":"image/svg+xml","file_size":"675","tags":[],"filename":"night-trial.svg","url":"https://images.contentstack.io/v3/assets/blt58e76b141f182239/blt213ffdfd83876628/6007ba73e5911d12504f9a9c/night-trial.svg","ACL":[],"is_dir":false,"parent_uid":"blte39c811b20c1b4df","_version":1,"title":"night-trial.svg","publish_details":[{"environment":"blt0e9ace0c0fdccca5","locale":"ar","time":"2021-01-20T05:30:41.029Z","user":"blt8bcfdc841f43ac8a","version":1},{"environment":"blt970bbac636ca0e82","locale":"ar","time":"2021-01-20T05:30:41.029Z","user":"blt8bcfdc841f43ac8a","version":1},{"environment":"blt2c8444d44e81a3fd","locale":"ar","time":"2021-01-20T05:30:41.029Z","user":"blt8bcfdc841f43ac8a","version":1},{"environment":"blt0e9ace0c0fdccca5","locale":"fr-fr","time":"2021-01-20T05:30:41.040Z","user":"blt8bcfdc841f43ac8a","version":1},{"environment":"blt2c8444d44e81a3fd","locale":"fr-fr","time":"2021-01-20T05:30:41.040Z","user":"blt8bcfdc841f43ac8a","version":1},{"environment":"blt970bbac636ca0e82","locale":"fr-fr","time":"2021-01-20T05:30:41.040Z","user":"blt8bcfdc841f43ac8a","version":1},{"environment":"blt0e9ace0c0fdccca5","locale":"he-il","time":"2021-01-20T05:30:41.062Z","user":"blt8bcfdc841f43ac8a","version":1},{"environment":"blt2c8444d44e81a3fd","locale":"he-il","time":"2021-01-20T05:30:41.062Z","user":"blt8bcfdc841f43ac8a","version":1},{"environment":"blt970bbac636ca0e82","locale":"he-il","time":"2021-01-20T05:30:41.062Z","user":"blt8bcfdc841f43ac8a","version":1},{"environment":"blt970bbac636ca0e82","locale":"es","time":"2021-01-20T05:30:41.072Z","user":"blt8bcfdc841f43ac8a","version":1},{"environment":"blt0e9ace0c0fdccca5","locale":"es","time":"2021-01-20T05:30:41.072Z","user":"blt8bcfdc841f43ac8a","version":1},{"environment":"blt2c8444d44e81a3fd","locale":"es","time":"2021-01-20T05:30:41.072Z","user":"blt8bcfdc841f43ac8a","version":1},{"environment":"blt0e9ace0c0fdccca5","locale":"en-us","time":"2021-01-20T05:30:41.082Z","user":"blt8bcfdc841f43ac8a","version":1},{"environment":"blt2c8444d44e81a3fd","locale":"en-us","time":"2021-01-20T05:30:41.082Z","user":"blt8bcfdc841f43ac8a","version":1},{"environment":"blt970bbac636ca0e82","locale":"en-us","time":"2021-01-20T05:30:41.082Z","user":"blt8bcfdc841f43ac8a","version":1}]},"_metadata":{"uid":"cs793a0692c45233da"}}],"_metadata":{"uid":"csecb79f4f8b17b85a"}}},{"explainer_banner":{"title":"Refer a Friend and Save","description":"Lorem ipsum dolor sit amet.","image":{"uid":"blt61bb365936113a35","created_at":"2021-01-20T05:09:01.017Z","updated_at":"2021-01-20T10:35:41.445Z","created_by":"blt8bcfdc841f43ac8a","updated_by":"blt8bcfdc841f43ac8a","content_type":"image/jpeg","file_size":"6677818","tags":[],"filename":"tristan-colangelo-d4OnMIl5OYk-unsplash.jpg","url":"https://images.contentstack.io/v3/assets/blt58e76b141f182239/blt61bb365936113a35/6007baed1dff481213b2f839/tristan-colangelo-d4OnMIl5OYk-unsplash.jpg","ACL":[{"k":"others","v":{"read":false,"create":false,"update":false,"delete":false,"sub_acl":{"read":false,"create":false,"update":false,"delete":false,"publish":false}}}],"is_dir":false,"parent_uid":"blt5a18143fc3bba6e3","_version":2,"title":"tristan-colangelo-d4OnMIl5OYk-unsplash.jpg","publish_details":[{"environment":"blt970bbac636ca0e82","locale":"en-us","time":"2021-01-20T10:39:16.283Z","user":"blt8bcfdc841f43ac8a","version":2}]},"button":{"title":"Shop Now","href":"#"},"full_width":false,"_metadata":{"uid":"csc6656b3ec75a1596"}}}],"seo":{"description":"Ecommerce Site built with Contentstack","keywords":"","title":"Ecommerce Site","enable_for_robots":false,"enable_for_site_search":false,"enable_for_sitemap":false},"uid":"bltae5461a6e1ce4662","created_by":"blt8bcfdc841f43ac8a","updated_by":"blt8bcfdc841f43ac8a","created_at":"2021-01-20T05:22:25.998Z","updated_at":"2021-01-20T05:22:57.843Z","_version":2,"_in_progress":false,"publish_details":[{"environment":"blt2c8444d44e81a3fd","locale":"fr-fr","time":"2021-01-20T05:53:00.429Z","user":"blt8bcfdc841f43ac8a","version":2},{"environment":"blt0e9ace0c0fdccca5","locale":"fr-fr","time":"2021-01-20T05:53:00.429Z","user":"blt8bcfdc841f43ac8a","version":2},{"environment":"blt970bbac636ca0e82","locale":"fr-fr","time":"2021-01-20T05:53:00.430Z","user":"blt8bcfdc841f43ac8a","version":2},{"environment":"blt2c8444d44e81a3fd","locale":"es","time":"2021-01-20T05:53:12.922Z","user":"blt8bcfdc841f43ac8a","version":2},{"environment":"blt970bbac636ca0e82","locale":"es","time":"2021-01-20T05:53:12.922Z","user":"blt8bcfdc841f43ac8a","version":2},{"environment":"blt0e9ace0c0fdccca5","locale":"es","time":"2021-01-20T05:53:12.922Z","user":"blt8bcfdc841f43ac8a","version":2},{"environment":"blt2c8444d44e81a3fd","locale":"ar","time":"2021-01-20T05:52:50.011Z","user":"blt8bcfdc841f43ac8a","version":2},{"environment":"blt970bbac636ca0e82","locale":"ar","time":"2021-01-20T05:52:50.011Z","user":"blt8bcfdc841f43ac8a","version":2},{"environment":"blt0e9ace0c0fdccca5","locale":"ar","time":"2021-01-20T05:52:50.011Z","user":"blt8bcfdc841f43ac8a","version":2},{"environment":"blt2c8444d44e81a3fd","locale":"he-il","time":"2021-01-20T05:53:07.462Z","user":"blt8bcfdc841f43ac8a","version":2},{"environment":"blt970bbac636ca0e82","locale":"he-il","time":"2021-01-20T05:53:07.462Z","user":"blt8bcfdc841f43ac8a","version":2},{"environment":"blt0e9ace0c0fdccca5","locale":"he-il","time":"2021-01-20T05:53:07.462Z","user":"blt8bcfdc841f43ac8a","version":2},{"environment":"blt0e9ace0c0fdccca5","locale":"en-us","time":"2021-01-20T05:53:19.508Z","user":"blt8bcfdc841f43ac8a","version":2},{"environment":"blt970bbac636ca0e82","locale":"en-us","time":"2021-01-20T05:53:19.508Z","user":"blt8bcfdc841f43ac8a","version":2},{"environment":"blt2c8444d44e81a3fd","locale":"en-us","time":"2021-01-20T05:53:19.508Z","user":"blt8bcfdc841f43ac8a","version":2}]}}