[{"uid":"bltc0bde3723dea137e","created_at":"2021-01-20T05:04:48.726Z","updated_at":"2021-01-20T05:04:48.726Z","created_by":"blt8bcfdc841f43ac8a","updated_by":"blt8bcfdc841f43ac8a","content_type":"application/vnd.contenstack.folder","tags":[],"name":"Fonts","ACL":{"roles":[],"others":{"read":false,"create":false,"update":false,"delete":false,"sub_acl":{"read":false,"create":false,"update":false,"delete":false,"publish":false}}},"is_dir":true,"parent_uid":null,"_version":1},{"uid":"blt239c5941dec166b2","created_at":"2021-01-20T05:04:47.399Z","updated_at":"2021-01-20T05:04:47.399Z","created_by":"blt8bcfdc841f43ac8a","updated_by":"blt8bcfdc841f43ac8a","content_type":"application/vnd.contenstack.folder","tags":[],"name":"Jewelry","ACL":{"roles":[],"others":{"read":false,"create":false,"update":false,"delete":false,"sub_acl":{"read":false,"create":false,"update":false,"delete":false,"publish":false}}},"is_dir":true,"parent_uid":"bltee7a87e82cc79a8f","_version":1},{"uid":"blt693399059b3e6ad4","created_at":"2021-01-20T05:04:45.734Z","updated_at":"2021-01-20T05:04:45.734Z","created_by":"blt8bcfdc841f43ac8a","updated_by":"blt8bcfdc841f43ac8a","content_type":"application/vnd.contenstack.folder","tags":[],"name":"Watches","ACL":{"roles":[],"others":{"read":false,"create":false,"update":false,"delete":false,"sub_acl":{"read":false,"create":false,"update":false,"delete":false,"publish":false}}},"is_dir":true,"parent_uid":"bltee7a87e82cc79a8f","_version":1},{"uid":"bltcd95834fd3c97bab","created_at":"2021-01-20T05:04:36.518Z","updated_at":"2021-01-20T05:04:36.518Z","created_by":"blt8bcfdc841f43ac8a","updated_by":"blt8bcfdc841f43ac8a","content_type":"application/vnd.contenstack.folder","tags":[],"name":"Bags","ACL":{"roles":[],"others":{"read":false,"create":false,"update":false,"delete":false,"sub_acl":{"read":false,"create":false,"update":false,"delete":false,"publish":false}}},"is_dir":true,"parent_uid":"bltee7a87e82cc79a8f","_version":1},{"uid":"blt79a46deec938bacd","created_at":"2021-01-20T05:04:30.856Z","updated_at":"2021-01-20T05:04:30.856Z","created_by":"blt8bcfdc841f43ac8a","updated_by":"blt8bcfdc841f43ac8a","content_type":"application/vnd.contenstack.folder","tags":[],"name":"Clothing","ACL":{"roles":[],"others":{"read":false,"create":false,"update":false,"delete":false,"sub_acl":{"read":false,"create":false,"update":false,"delete":false,"publish":false}}},"is_dir":true,"parent_uid":"bltee7a87e82cc79a8f","_version":1},{"uid":"blt6caa0fbf9e10fc6a","created_at":"2021-01-20T05:04:26.164Z","updated_at":"2021-01-20T05:04:26.164Z","created_by":"blt8bcfdc841f43ac8a","updated_by":"blt8bcfdc841f43ac8a","content_type":"application/vnd.contenstack.folder","tags":[],"name":"Sunglasses","ACL":{"roles":[],"others":{"read":false,"create":false,"update":false,"delete":false,"sub_acl":{"read":false,"create":false,"update":false,"delete":false,"publish":false}}},"is_dir":true,"parent_uid":"bltee7a87e82cc79a8f","_version":1},{"uid":"blt5b294dd9c4f56de8","created_at":"2021-01-20T05:04:23.720Z","updated_at":"2021-01-20T05:04:23.720Z","created_by":"blt8bcfdc841f43ac8a","updated_by":"blt8bcfdc841f43ac8a","content_type":"application/vnd.contenstack.folder","tags":[],"name":"Shoes","ACL":{"roles":[],"others":{"read":false,"create":false,"update":false,"delete":false,"sub_acl":{"read":false,"create":false,"update":false,"delete":false,"publish":false}}},"is_dir":true,"parent_uid":"bltee7a87e82cc79a8f","_version":1},{"uid":"bltee7a87e82cc79a8f","created_at":"2021-01-20T05:04:19.721Z","updated_at":"2021-01-20T05:04:19.721Z","created_by":"blt8bcfdc841f43ac8a","updated_by":"blt8bcfdc841f43ac8a","content_type":"application/vnd.contenstack.folder","tags":[],"name":"Products","ACL":{"roles":[],"others":{"read":false,"create":false,"update":false,"delete":false,"sub_acl":{"read":false,"create":false,"update":false,"delete":false,"publish":false}}},"is_dir":true,"parent_uid":null,"_version":1},{"uid":"blte39c811b20c1b4df","created_at":"2021-01-20T05:04:12.714Z","updated_at":"2021-01-20T05:04:12.714Z","created_by":"blt8bcfdc841f43ac8a","updated_by":"blt8bcfdc841f43ac8a","content_type":"application/vnd.contenstack.folder","tags":[],"name":"Icons","ACL":{"roles":[],"others":{"read":false,"create":false,"update":false,"delete":false,"sub_acl":{"read":false,"create":false,"update":false,"delete":false,"publish":false}}},"is_dir":true,"parent_uid":null,"_version":1},{"uid":"blt5a18143fc3bba6e3","created_at":"2021-01-20T05:04:08.634Z","updated_at":"2021-01-20T05:04:08.634Z","created_by":"blt8bcfdc841f43ac8a","updated_by":"blt8bcfdc841f43ac8a","content_type":"application/vnd.contenstack.folder","tags":[],"name":"Banners","ACL":{"roles":[],"others":{"read":false,"create":false,"update":false,"delete":false,"sub_acl":{"read":false,"create":false,"update":false,"delete":false,"publish":false}}},"is_dir":true,"parent_uid":null,"_version":1}]