[{"uid":"blt61bb365936113a35","content_type":"image/jpeg","file_size":"6677818","tags":[],"filename":"tristan-colangelo-d4OnMIl5OYk-unsplash.jpg","url":"https://images.contentstack.io/v3/assets/blt58e76b141f182239/blt61bb365936113a35/6007baed1dff481213b2f839/tristan-colangelo-d4OnMIl5OYk-unsplash.jpg","ACL":{},"is_dir":false,"parent_uid":"blt5a18143fc3bba6e3","_version":1,"title":"tristan-colangelo-d4OnMIl5OYk-unsplash.jpg","publish_details":[{"environment":"blt970bbac636ca0e82","locale":"en-us","time":"2021-01-20T10:39:16.283Z","user":"blt8bcfdc841f43ac8a","version":2}]},{"uid":"blt61bb365936113a35","content_type":"image/jpeg","file_size":"6677818","tags":[],"filename":"tristan-colangelo-d4OnMIl5OYk-unsplash.jpg","url":"https://images.contentstack.io/v3/assets/blt58e76b141f182239/blt61bb365936113a35/6007baed1dff481213b2f839/tristan-colangelo-d4OnMIl5OYk-unsplash.jpg","ACL":{"others":{"read":false,"create":false,"update":false,"delete":false,"sub_acl":{"read":false,"create":false,"update":false,"delete":false,"publish":false}}},"is_dir":false,"parent_uid":"blt5a18143fc3bba6e3","_version":2,"title":"tristan-colangelo-d4OnMIl5OYk-unsplash.jpg","publish_details":[{"environment":"blt970bbac636ca0e82","locale":"en-us","time":"2021-01-20T10:39:16.283Z","user":"blt8bcfdc841f43ac8a","version":2}]}]