[{"uid":"blt116af94d3b82b366","content_type":"image/png","file_size":"1009","tags":["gray"],"filename":"icons8-badger-35_(1).png","url":"https://images.contentstack.io/v3/assets/blt58e76b141f182239/blt116af94d3b82b366/6007bca0cc5f9711be5e157f/icons8-badger-35_(1).png","ACL":{},"is_dir":false,"parent_uid":"blte39c811b20c1b4df","_version":1,"title":"icons8-badger-35_(1).png","publish_details":[{"environment":"blt0e9ace0c0fdccca5","locale":"ar","time":"2021-01-20T05:28:27.029Z","user":"blt8bcfdc841f43ac8a","version":1},{"environment":"blt970bbac636ca0e82","locale":"ar","time":"2021-01-20T05:28:27.029Z","user":"blt8bcfdc841f43ac8a","version":1},{"environment":"blt2c8444d44e81a3fd","locale":"ar","time":"2021-01-20T05:28:27.029Z","user":"blt8bcfdc841f43ac8a","version":1},{"environment":"blt2c8444d44e81a3fd","locale":"fr-fr","time":"2021-01-20T05:28:27.044Z","user":"blt8bcfdc841f43ac8a","version":1},{"environment":"blt970bbac636ca0e82","locale":"fr-fr","time":"2021-01-20T05:28:27.044Z","user":"blt8bcfdc841f43ac8a","version":1},{"environment":"blt0e9ace0c0fdccca5","locale":"fr-fr","time":"2021-01-20T05:28:27.044Z","user":"blt8bcfdc841f43ac8a","version":1},{"environment":"blt970bbac636ca0e82","locale":"he-il","time":"2021-01-20T05:28:27.056Z","user":"blt8bcfdc841f43ac8a","version":1},{"environment":"blt0e9ace0c0fdccca5","locale":"he-il","time":"2021-01-20T05:28:27.056Z","user":"blt8bcfdc841f43ac8a","version":1},{"environment":"blt2c8444d44e81a3fd","locale":"he-il","time":"2021-01-20T05:28:27.056Z","user":"blt8bcfdc841f43ac8a","version":1},{"environment":"blt2c8444d44e81a3fd","locale":"es","time":"2021-01-20T05:28:27.069Z","user":"blt8bcfdc841f43ac8a","version":1},{"environment":"blt0e9ace0c0fdccca5","locale":"es","time":"2021-01-20T05:28:27.069Z","user":"blt8bcfdc841f43ac8a","version":1},{"environment":"blt970bbac636ca0e82","locale":"es","time":"2021-01-20T05:28:27.069Z","user":"blt8bcfdc841f43ac8a","version":1},{"environment":"blt0e9ace0c0fdccca5","locale":"en-us","time":"2021-01-20T05:28:27.081Z","user":"blt8bcfdc841f43ac8a","version":1},{"environment":"blt970bbac636ca0e82","locale":"en-us","time":"2021-01-20T05:28:27.082Z","user":"blt8bcfdc841f43ac8a","version":1},{"environment":"blt2c8444d44e81a3fd","locale":"en-us","time":"2021-01-20T05:28:27.081Z","user":"blt8bcfdc841f43ac8a","version":1}]}]