{"bltdb2521aaa111541f":{"title":"Ecommerce Default Theme","mega_menu":{"heading_font_name":"Montserrat, sans-serif","link_font_name":"Open Sans","navbar":{"background_color":"#000","link_color":"#fff"},"navbar_dropdown_menu":{"background_color":"#e8e8e9","heading_color":"#000","link_color":"#000","link_hover_color":"#a5996d"}},"tags":[],"locale":"en-us","ACL":{},"body":{"body_font_name":"Open Sans","heading_font_name":"Montserrat, sans-serif","link_color":"#000","link_hover_color":"#a5996d","background":"#fff","alternate_background":"linear-gradient(180deg, rgba(255,255,255,1) 0%, rgba(212,198,148,1) 100%)"},"brand":{"primary_color":"#d4c694","secondary_color":"","trinary_color":"#064a59","trinary_color_inverse":""},"external_resources":{"font_cdn_links":"<link href=\"https://fonts.googleapis.com/css2?family=Montserrat:wght@300;400;500&display=swap\" rel=\"stylesheet\">"},"global_banner":{"background_color":"#f0e0d8"},"site_logo":{"uid":"blt63abec752aa1d929","created_at":"2021-01-20T05:18:11.518Z","updated_at":"2021-01-20T05:18:11.518Z","created_by":"blt8bcfdc841f43ac8a","updated_by":"blt8bcfdc841f43ac8a","content_type":"image/png","file_size":"1076","tags":["hook","anchor","symbol","cross"],"filename":"icons8-badger-35.png","url":"https://images.contentstack.io/v3/assets/blt58e76b141f182239/blt63abec752aa1d929/6007bd1352a6df11463e591a/icons8-badger-35.png","ACL":[],"is_dir":false,"parent_uid":"blte39c811b20c1b4df","_version":1,"title":"icons8-badger-35.png","publish_details":[{"environment":"blt0e9ace0c0fdccca5","locale":"ar","time":"2021-01-20T05:28:17.316Z","user":"blt8bcfdc841f43ac8a","version":1},{"environment":"blt970bbac636ca0e82","locale":"ar","time":"2021-01-20T05:28:17.316Z","user":"blt8bcfdc841f43ac8a","version":1},{"environment":"blt2c8444d44e81a3fd","locale":"ar","time":"2021-01-20T05:28:17.316Z","user":"blt8bcfdc841f43ac8a","version":1},{"environment":"blt970bbac636ca0e82","locale":"fr-fr","time":"2021-01-20T05:28:17.324Z","user":"blt8bcfdc841f43ac8a","version":1},{"environment":"blt0e9ace0c0fdccca5","locale":"fr-fr","time":"2021-01-20T05:28:17.324Z","user":"blt8bcfdc841f43ac8a","version":1},{"environment":"blt2c8444d44e81a3fd","locale":"fr-fr","time":"2021-01-20T05:28:17.324Z","user":"blt8bcfdc841f43ac8a","version":1},{"environment":"blt0e9ace0c0fdccca5","locale":"he-il","time":"2021-01-20T05:28:17.334Z","user":"blt8bcfdc841f43ac8a","version":1},{"environment":"blt970bbac636ca0e82","locale":"he-il","time":"2021-01-20T05:28:17.334Z","user":"blt8bcfdc841f43ac8a","version":1},{"environment":"blt2c8444d44e81a3fd","locale":"he-il","time":"2021-01-20T05:28:17.334Z","user":"blt8bcfdc841f43ac8a","version":1},{"environment":"blt2c8444d44e81a3fd","locale":"es","time":"2021-01-20T05:28:17.343Z","user":"blt8bcfdc841f43ac8a","version":1},{"environment":"blt0e9ace0c0fdccca5","locale":"es","time":"2021-01-20T05:28:17.343Z","user":"blt8bcfdc841f43ac8a","version":1},{"environment":"blt970bbac636ca0e82","locale":"es","time":"2021-01-20T05:28:17.343Z","user":"blt8bcfdc841f43ac8a","version":1},{"environment":"blt2c8444d44e81a3fd","locale":"en-us","time":"2021-01-20T05:28:17.353Z","user":"blt8bcfdc841f43ac8a","version":1},{"environment":"blt970bbac636ca0e82","locale":"en-us","time":"2021-01-20T05:28:17.354Z","user":"blt8bcfdc841f43ac8a","version":1},{"environment":"blt0e9ace0c0fdccca5","locale":"en-us","time":"2021-01-20T05:28:17.354Z","user":"blt8bcfdc841f43ac8a","version":1}]},"uid":"bltdb2521aaa111541f","created_by":"blt8bcfdc841f43ac8a","updated_by":"blt8bcfdc841f43ac8a","created_at":"2021-01-20T05:19:36.422Z","updated_at":"2021-01-20T05:19:36.422Z","_version":1,"_in_progress":false,"publish_details":[{"environment":"blt2c8444d44e81a3fd","locale":"ar","time":"2021-01-20T05:31:09.721Z","user":"blt8bcfdc841f43ac8a","version":1},{"environment":"blt0e9ace0c0fdccca5","locale":"ar","time":"2021-01-20T05:31:09.721Z","user":"blt8bcfdc841f43ac8a","version":1},{"environment":"blt970bbac636ca0e82","locale":"ar","time":"2021-01-20T05:31:09.721Z","user":"blt8bcfdc841f43ac8a","version":1},{"environment":"blt970bbac636ca0e82","locale":"fr-fr","time":"2021-01-20T05:31:17.863Z","user":"blt8bcfdc841f43ac8a","version":1},{"environment":"blt2c8444d44e81a3fd","locale":"fr-fr","time":"2021-01-20T05:31:17.863Z","user":"blt8bcfdc841f43ac8a","version":1},{"environment":"blt0e9ace0c0fdccca5","locale":"fr-fr","time":"2021-01-20T05:31:17.863Z","user":"blt8bcfdc841f43ac8a","version":1},{"environment":"blt0e9ace0c0fdccca5","locale":"he-il","time":"2021-01-20T05:31:23.904Z","user":"blt8bcfdc841f43ac8a","version":1},{"environment":"blt970bbac636ca0e82","locale":"he-il","time":"2021-01-20T05:31:23.904Z","user":"blt8bcfdc841f43ac8a","version":1},{"environment":"blt2c8444d44e81a3fd","locale":"he-il","time":"2021-01-20T05:31:23.904Z","user":"blt8bcfdc841f43ac8a","version":1},{"environment":"blt0e9ace0c0fdccca5","locale":"es","time":"2021-01-20T05:31:34.972Z","user":"blt8bcfdc841f43ac8a","version":1},{"environment":"blt970bbac636ca0e82","locale":"es","time":"2021-01-20T05:31:34.972Z","user":"blt8bcfdc841f43ac8a","version":1},{"environment":"blt2c8444d44e81a3fd","locale":"es","time":"2021-01-20T05:31:34.972Z","user":"blt8bcfdc841f43ac8a","version":1},{"environment":"blt0e9ace0c0fdccca5","locale":"en-us","time":"2021-01-20T05:31:43.085Z","user":"blt8bcfdc841f43ac8a","version":1},{"environment":"blt2c8444d44e81a3fd","locale":"en-us","time":"2021-01-20T05:31:43.085Z","user":"blt8bcfdc841f43ac8a","version":1},{"environment":"blt970bbac636ca0e82","locale":"en-us","time":"2021-01-20T05:31:43.085Z","user":"blt8bcfdc841f43ac8a","version":1}]},"blt64ac3ecf97709645":{"title":"Ecommerce Reformation Theme","brand":{"primary_color":"#e2d0ba","secondary_color":"","trinary_color":"#743917","trinary_color_inverse":""},"body":{"heading_font_name":"PT Serif","body_font_name":"Open Sans","background":"#fff","alternate_background":"linear-gradient(180deg, rgba(255,255,255,1) 0%, #e2d0ba 100%)","link_color":"#000","link_hover_color":"#a5996d"},"mega_menu":{"heading_font_name":"PT Serif","link_font_name":"Open Sans","navbar":{"link_color":"#000","background_color":"#faf8f6"},"navbar_dropdown_menu":{"background_color":"#f0ede8","heading_color":"#000","link_color":"#000","link_hover_color":"#a5996d"}},"tags":[],"locale":"en-us","ACL":{},"external_resources":{"font_cdn_links":"<link href=\"https://fonts.googleapis.com/css2?family=PT+Serif:wght@400;700&display=swap\" rel=\"stylesheet\">\n<link href=\"https://fonts.googleapis.com/css2?family=Montserrat:wght@300;400;500&display=swap\" rel=\"stylesheet\">"},"global_banner":{"background_color":"#f0e0d8"},"site_logo":{"uid":"blt116af94d3b82b366","created_at":"2021-01-20T05:16:16.682Z","updated_at":"2021-01-20T05:16:16.682Z","created_by":"blt8bcfdc841f43ac8a","updated_by":"blt8bcfdc841f43ac8a","content_type":"image/png","file_size":"1009","tags":["gray"],"filename":"icons8-badger-35_(1).png","url":"https://images.contentstack.io/v3/assets/blt58e76b141f182239/blt116af94d3b82b366/6007bca0cc5f9711be5e157f/icons8-badger-35_(1).png","ACL":[],"is_dir":false,"parent_uid":"blte39c811b20c1b4df","_version":1,"title":"icons8-badger-35_(1).png","publish_details":[{"environment":"blt0e9ace0c0fdccca5","locale":"ar","time":"2021-01-20T05:28:27.029Z","user":"blt8bcfdc841f43ac8a","version":1},{"environment":"blt970bbac636ca0e82","locale":"ar","time":"2021-01-20T05:28:27.029Z","user":"blt8bcfdc841f43ac8a","version":1},{"environment":"blt2c8444d44e81a3fd","locale":"ar","time":"2021-01-20T05:28:27.029Z","user":"blt8bcfdc841f43ac8a","version":1},{"environment":"blt2c8444d44e81a3fd","locale":"fr-fr","time":"2021-01-20T05:28:27.044Z","user":"blt8bcfdc841f43ac8a","version":1},{"environment":"blt970bbac636ca0e82","locale":"fr-fr","time":"2021-01-20T05:28:27.044Z","user":"blt8bcfdc841f43ac8a","version":1},{"environment":"blt0e9ace0c0fdccca5","locale":"fr-fr","time":"2021-01-20T05:28:27.044Z","user":"blt8bcfdc841f43ac8a","version":1},{"environment":"blt970bbac636ca0e82","locale":"he-il","time":"2021-01-20T05:28:27.056Z","user":"blt8bcfdc841f43ac8a","version":1},{"environment":"blt0e9ace0c0fdccca5","locale":"he-il","time":"2021-01-20T05:28:27.056Z","user":"blt8bcfdc841f43ac8a","version":1},{"environment":"blt2c8444d44e81a3fd","locale":"he-il","time":"2021-01-20T05:28:27.056Z","user":"blt8bcfdc841f43ac8a","version":1},{"environment":"blt2c8444d44e81a3fd","locale":"es","time":"2021-01-20T05:28:27.069Z","user":"blt8bcfdc841f43ac8a","version":1},{"environment":"blt0e9ace0c0fdccca5","locale":"es","time":"2021-01-20T05:28:27.069Z","user":"blt8bcfdc841f43ac8a","version":1},{"environment":"blt970bbac636ca0e82","locale":"es","time":"2021-01-20T05:28:27.069Z","user":"blt8bcfdc841f43ac8a","version":1},{"environment":"blt0e9ace0c0fdccca5","locale":"en-us","time":"2021-01-20T05:28:27.081Z","user":"blt8bcfdc841f43ac8a","version":1},{"environment":"blt970bbac636ca0e82","locale":"en-us","time":"2021-01-20T05:28:27.082Z","user":"blt8bcfdc841f43ac8a","version":1},{"environment":"blt2c8444d44e81a3fd","locale":"en-us","time":"2021-01-20T05:28:27.081Z","user":"blt8bcfdc841f43ac8a","version":1}]},"uid":"blt64ac3ecf97709645","created_by":"blt8bcfdc841f43ac8a","updated_by":"blt8bcfdc841f43ac8a","created_at":"2021-01-20T05:19:35.198Z","updated_at":"2021-01-20T05:19:35.198Z","_version":1,"_in_progress":false,"publish_details":[{"environment":"blt2c8444d44e81a3fd","locale":"ar","time":"2021-01-20T05:31:09.720Z","user":"blt8bcfdc841f43ac8a","version":1},{"environment":"blt0e9ace0c0fdccca5","locale":"ar","time":"2021-01-20T05:31:09.720Z","user":"blt8bcfdc841f43ac8a","version":1},{"environment":"blt970bbac636ca0e82","locale":"ar","time":"2021-01-20T05:31:09.720Z","user":"blt8bcfdc841f43ac8a","version":1},{"environment":"blt2c8444d44e81a3fd","locale":"fr-fr","time":"2021-01-20T05:31:17.905Z","user":"blt8bcfdc841f43ac8a","version":1},{"environment":"blt970bbac636ca0e82","locale":"fr-fr","time":"2021-01-20T05:31:17.905Z","user":"blt8bcfdc841f43ac8a","version":1},{"environment":"blt0e9ace0c0fdccca5","locale":"fr-fr","time":"2021-01-20T05:31:17.905Z","user":"blt8bcfdc841f43ac8a","version":1},{"environment":"blt2c8444d44e81a3fd","locale":"he-il","time":"2021-01-20T05:31:23.954Z","user":"blt8bcfdc841f43ac8a","version":1},{"environment":"blt970bbac636ca0e82","locale":"he-il","time":"2021-01-20T05:31:23.954Z","user":"blt8bcfdc841f43ac8a","version":1},{"environment":"blt0e9ace0c0fdccca5","locale":"he-il","time":"2021-01-20T05:31:23.954Z","user":"blt8bcfdc841f43ac8a","version":1},{"environment":"blt2c8444d44e81a3fd","locale":"es","time":"2021-01-20T05:31:34.982Z","user":"blt8bcfdc841f43ac8a","version":1},{"environment":"blt970bbac636ca0e82","locale":"es","time":"2021-01-20T05:31:34.982Z","user":"blt8bcfdc841f43ac8a","version":1},{"environment":"blt0e9ace0c0fdccca5","locale":"es","time":"2021-01-20T05:31:34.982Z","user":"blt8bcfdc841f43ac8a","version":1},{"environment":"blt0e9ace0c0fdccca5","locale":"en-us","time":"2021-01-20T05:31:43.035Z","user":"blt8bcfdc841f43ac8a","version":1},{"environment":"blt2c8444d44e81a3fd","locale":"en-us","time":"2021-01-20T05:31:43.034Z","user":"blt8bcfdc841f43ac8a","version":1},{"environment":"blt970bbac636ca0e82","locale":"en-us","time":"2021-01-20T05:31:43.035Z","user":"blt8bcfdc841f43ac8a","version":1}]},"blt8dff042b11ccb184":{"title":"News Default Theme","external_resources":{"font_cdn_links":"<link href=\"https://fonts.googleapis.com/css2?family=Montserrat:wght@300;400;500&display=swap\" rel=\"stylesheet\">\n<link href=\"https://fonts.googleapis.com/css2?family=PT+Serif:ital,wght@0,400;0,700;1,400&display=swap\" rel=\"stylesheet\">"},"global_banner":{"background_color":"#fff2009c"},"brand":{"primary_color":"#d4c694","secondary_color":"rgb(0, 70, 135)","trinary_color":"#533dc0","trinary_color_inverse":"#fff"},"body":{"heading_font_name":"PT Serif, serif","body_font_name":"Open Sans","background":"#fff","alternate_background":"#f9f9f9","link_color":"#000","link_hover_color":"#777"},"mega_menu":{"heading_font_name":"Montserrat","link_font_name":"Open Sans","navbar":{"link_color":"#fff","background_color":"#000"},"navbar_dropdown_menu":{"background_color":"#e8e8e9","heading_color":"#000","link_color":"#000","link_hover_color":"#a5996d"}},"tags":[],"locale":"en-us","ACL":{},"site_logo":{"uid":"blt63abec752aa1d929","created_at":"2021-01-20T05:18:11.518Z","updated_at":"2021-01-20T05:18:11.518Z","created_by":"blt8bcfdc841f43ac8a","updated_by":"blt8bcfdc841f43ac8a","content_type":"image/png","file_size":"1076","tags":["hook","anchor","symbol","cross"],"filename":"icons8-badger-35.png","url":"https://images.contentstack.io/v3/assets/blt58e76b141f182239/blt63abec752aa1d929/6007bd1352a6df11463e591a/icons8-badger-35.png","ACL":[],"is_dir":false,"parent_uid":"blte39c811b20c1b4df","_version":1,"title":"icons8-badger-35.png","publish_details":[{"environment":"blt0e9ace0c0fdccca5","locale":"ar","time":"2021-01-20T05:28:17.316Z","user":"blt8bcfdc841f43ac8a","version":1},{"environment":"blt970bbac636ca0e82","locale":"ar","time":"2021-01-20T05:28:17.316Z","user":"blt8bcfdc841f43ac8a","version":1},{"environment":"blt2c8444d44e81a3fd","locale":"ar","time":"2021-01-20T05:28:17.316Z","user":"blt8bcfdc841f43ac8a","version":1},{"environment":"blt970bbac636ca0e82","locale":"fr-fr","time":"2021-01-20T05:28:17.324Z","user":"blt8bcfdc841f43ac8a","version":1},{"environment":"blt0e9ace0c0fdccca5","locale":"fr-fr","time":"2021-01-20T05:28:17.324Z","user":"blt8bcfdc841f43ac8a","version":1},{"environment":"blt2c8444d44e81a3fd","locale":"fr-fr","time":"2021-01-20T05:28:17.324Z","user":"blt8bcfdc841f43ac8a","version":1},{"environment":"blt0e9ace0c0fdccca5","locale":"he-il","time":"2021-01-20T05:28:17.334Z","user":"blt8bcfdc841f43ac8a","version":1},{"environment":"blt970bbac636ca0e82","locale":"he-il","time":"2021-01-20T05:28:17.334Z","user":"blt8bcfdc841f43ac8a","version":1},{"environment":"blt2c8444d44e81a3fd","locale":"he-il","time":"2021-01-20T05:28:17.334Z","user":"blt8bcfdc841f43ac8a","version":1},{"environment":"blt2c8444d44e81a3fd","locale":"es","time":"2021-01-20T05:28:17.343Z","user":"blt8bcfdc841f43ac8a","version":1},{"environment":"blt0e9ace0c0fdccca5","locale":"es","time":"2021-01-20T05:28:17.343Z","user":"blt8bcfdc841f43ac8a","version":1},{"environment":"blt970bbac636ca0e82","locale":"es","time":"2021-01-20T05:28:17.343Z","user":"blt8bcfdc841f43ac8a","version":1},{"environment":"blt2c8444d44e81a3fd","locale":"en-us","time":"2021-01-20T05:28:17.353Z","user":"blt8bcfdc841f43ac8a","version":1},{"environment":"blt970bbac636ca0e82","locale":"en-us","time":"2021-01-20T05:28:17.354Z","user":"blt8bcfdc841f43ac8a","version":1},{"environment":"blt0e9ace0c0fdccca5","locale":"en-us","time":"2021-01-20T05:28:17.354Z","user":"blt8bcfdc841f43ac8a","version":1}]},"uid":"blt8dff042b11ccb184","created_by":"blt8bcfdc841f43ac8a","updated_by":"blt8bcfdc841f43ac8a","created_at":"2021-01-20T05:19:33.885Z","updated_at":"2021-01-20T05:19:33.885Z","_version":1,"_in_progress":false,"publish_details":[{"environment":"blt970bbac636ca0e82","locale":"ar","time":"2021-01-20T05:31:12.086Z","user":"blt8bcfdc841f43ac8a","version":1},{"environment":"blt2c8444d44e81a3fd","locale":"ar","time":"2021-01-20T05:31:12.086Z","user":"blt8bcfdc841f43ac8a","version":1},{"environment":"blt0e9ace0c0fdccca5","locale":"ar","time":"2021-01-20T05:31:12.086Z","user":"blt8bcfdc841f43ac8a","version":1},{"environment":"blt970bbac636ca0e82","locale":"fr-fr","time":"2021-01-20T05:31:19.131Z","user":"blt8bcfdc841f43ac8a","version":1},{"environment":"blt0e9ace0c0fdccca5","locale":"fr-fr","time":"2021-01-20T05:31:19.131Z","user":"blt8bcfdc841f43ac8a","version":1},{"environment":"blt2c8444d44e81a3fd","locale":"fr-fr","time":"2021-01-20T05:31:19.131Z","user":"blt8bcfdc841f43ac8a","version":1},{"environment":"blt2c8444d44e81a3fd","locale":"he-il","time":"2021-01-20T05:31:25.381Z","user":"blt8bcfdc841f43ac8a","version":1},{"environment":"blt0e9ace0c0fdccca5","locale":"he-il","time":"2021-01-20T05:31:25.381Z","user":"blt8bcfdc841f43ac8a","version":1},{"environment":"blt970bbac636ca0e82","locale":"he-il","time":"2021-01-20T05:31:25.381Z","user":"blt8bcfdc841f43ac8a","version":1},{"environment":"blt2c8444d44e81a3fd","locale":"es","time":"2021-01-20T05:31:36.275Z","user":"blt8bcfdc841f43ac8a","version":1},{"environment":"blt970bbac636ca0e82","locale":"es","time":"2021-01-20T05:31:36.276Z","user":"blt8bcfdc841f43ac8a","version":1},{"environment":"blt0e9ace0c0fdccca5","locale":"es","time":"2021-01-20T05:31:36.276Z","user":"blt8bcfdc841f43ac8a","version":1},{"environment":"blt0e9ace0c0fdccca5","locale":"en-us","time":"2021-01-20T05:31:44.308Z","user":"blt8bcfdc841f43ac8a","version":1},{"environment":"blt970bbac636ca0e82","locale":"en-us","time":"2021-01-20T05:31:44.308Z","user":"blt8bcfdc841f43ac8a","version":1},{"environment":"blt2c8444d44e81a3fd","locale":"en-us","time":"2021-01-20T05:31:44.308Z","user":"blt8bcfdc841f43ac8a","version":1}]}}