{"blt2b251c4ec6bc5ca6":{"created_at":"2021-01-20T05:02:19.905Z","updated_at":"2021-01-20T05:02:19.905Z","created_by":"blt8bcfdc841f43ac8a","updated_by":"blt8bcfdc841f43ac8a","tags":[],"ACL":[],"_version":1,"title":"Star Ratings","config":{},"type":"field","data_type":"number","multiple":false,"srcdoc":"<!DOCTYPE html>\n<html>\n<head>\n    <meta name=\"viewport\" content=\"width=device-width, initial-scale=1.0\" />\n    <link href=\"https://www.contentstack.com/sdks/contentstack-ui-extensions/dist/latest/ui-extension-sdk.css\" rel=\"stylesheet\" type=\"text/css\" media=\"all\">\n    <script src=\"https://www.contentstack.com/sdks/contentstack-ui-extensions/dist/latest/ui-extension-sdk.js\"></script>\n    <script src=\"https://code.jquery.com/jquery-3.3.1.min.js\"></script>\n    <link type=\"text/css\" rel=\"stylesheet\" href=\"https://maxcdn.bootstrapcdn.com/font-awesome/4.4.0/css/font-awesome.min.css\"/>\n    <style>\n         body{\n           overflow:hidden;\n          }\n        #wrapper {\n            position: relative;\n        }\n        .user-rating {\n            direction: rtl;\n            font-size: 20px;\n            unicode-bidi: bidi-override;\n            padding: 9px 18px;\n            display: inline-block;\n        }\n        .user-rating input {\n            opacity: 0;\n            position: relative;\n            left: -15px;\n            z-index: 2;\n            cursor: pointer;\n        }\n        .user-rating span.star:before {\n            color: #777777;\n            content:\"ï€†\";\n            /*padding-right: 5px;*/\n        }\n        .user-rating span.star {\n            display: inline-block;\n            font-family: FontAwesome;\n            font-style: normal;\n            font-weight: normal;\n            position: relative;\n            z-index: 1;\n        }\n        .user-rating span {\n            margin-left: -15px;\n        }\n        .user-rating span.star:before {\n            color: #777777;\n            content:\"\\f006\";\n            /*padding-right: 5px;*/\n        }\n        .user-rating input:hover + span.star:before, .user-rating input:hover + span.star ~ span.star:before, .user-rating input:checked + span.star:before, .user-rating input:checked + span.star ~ span.star:before {\n            color: #ffd100;\n            content:\"\\f005\";\n        }\n    .selected-rating{\n        color: #ffd100;\n        font-weight: bold;\n        font-size: 3em;\n    }\n</style>\n\n</head>\n<body>\n<div id=\"wrapper\">\n    <form id=\"user-rating-form\" onchange=\"ratingChange()\" onclick=\"setFocus()\">\n        <span class=\"user-rating\">\n            <input type=\"radio\" name=\"rating\" value=\"5\"><span class=\"star\"></span>\n            <input type=\"radio\" name=\"rating\" value=\"4\"><span class=\"star\"></span>\n            <input type=\"radio\" name=\"rating\" value=\"3\"><span class=\"star\"></span>\n            <input type=\"radio\" name=\"rating\" value=\"2\"><span class=\"star\"></span>\n            <input type=\"radio\" name=\"rating\" value=\"1\"><span class=\"star\"></span>\n        </span>\n    </form>\n</div>\n<script>\n        // initialise Field Extension \n        var extensionField;\n        \n        // Initialize and set the default or saved value for extension\n        ContentstackUIExtension.init().then(function(extension) {\n            // make extension object globally available\n            extensionField = extension;\n            // Get current Rating value from Contentstack and update the Rating element\n            var initialValue = (extension && extension.field && extension.field.getData() && extension.field.getData() !== null) ? extension.field.getData() : 0;\n            $(\"input[name='rating'][value=\"+initialValue+\"]\").attr('checked', true);\n            extension.window.updateHeight();\n            ratingChange();\n        })\n        \n        // On Rating change event, pass new value to Contentstack\n          function ratingChange(){\n            var ratingval = parseInt($('[name=\"rating\"]:checked').val());\n            ratingval = (ratingval && ratingval !== null) ? ratingval : 0; \n            extensionField.field.setData(ratingval).then(function(){\n    \t    }).catch(function(error){\n    \t    })\n        }\n        \n        function setFocus(){\n            extensionField.field.setFocus();\n        }\n</script>\n</body>\n</html>"},"blt0b47dcbbd234bca3":{"created_at":"2021-01-20T05:02:54.552Z","updated_at":"2021-01-20T05:02:54.552Z","created_by":"blt8bcfdc841f43ac8a","updated_by":"blt8bcfdc841f43ac8a","tags":[],"ACL":[],"_version":1,"title":"ColorPicker","config":{},"type":"field","data_type":"text","multiple":false,"srcdoc":"<html>\n<head>\n<meta name=\"viewport\" content=\"width=device-width, initial-scale=1.0\"/>\n<script src=\"https://www.contentstack.com/sdks/contentstack-ui-extensions/dist/latest/ui-extension-sdk.js\"></script>\n<link href=\"https://www.contentstack.com/sdks/contentstack-ui-extensions/dist/latest/ui-extension-sdk.css\" rel=\"stylesheet\" type=\"text/css\" media=\"all\">\n</head>\n<body>\n    <input type=\"color\" id=\"html5colorpicker\" onchange=\"colorChange()\" onclick=\"setFocus()\">\n    <script>\n        // initialise Field Extension\n        window.extensionField = {};\n        \n        // find color input element\n        var colorPickerElement = document.getElementById(\"html5colorpicker\");\n        \n        ContentstackUIExtension.init().then(function(extension) {\n            // make extension object globally available\n            extensionField = extension;\n            \n            // update the field height \n            extensionField.window.updateHeight();\n            \n            // Get current color field value from Contentstack and update the color picker input element\n            colorPickerElement.value = extensionField.field.getData();\n        })\n        \n        // on click of element we will set setFocus on field\n        function setFocus(){\n            extensionField.field.setFocus();\n        }\n        \n        // On color change event, pass new value to Contentstack\n        function colorChange(){\n            extensionField.field.setData(colorPickerElement.value);\n        }\n        \n    </script>\n</body>\n</html>"},"blt5a2b2ec4507fad94":{"created_at":"2021-01-20T05:03:24.624Z","updated_at":"2021-01-20T05:03:24.624Z","created_by":"blt8bcfdc841f43ac8a","updated_by":"blt8bcfdc841f43ac8a","tags":[],"ACL":[],"_version":1,"title":"Column Selector","config":{},"type":"field","data_type":"text","multiple":false,"srcdoc":"<html>\n<head>\n    <script src=\"https://unpkg.com/@contentstack/ui-extensions-sdk@2.2.0/dist/ui-extension-sdk.js\"></script>\n    <link href=\"https://unpkg.com/@contentstack/ui-extensions-sdk@2.2.0/dist/ui-extension-sdk.css\" rel=\"stylesheet\">\n    <script src=\"https://ajax.googleapis.com/ajax/libs/jquery/3.5.1/jquery.min.js\"></script>\n\n    <style>\n        .columns-container {\n            display: flex;    \n        }\n        \n        .column-container {\n            margin-right: .25em;\n            display: flex;\n            text-align: center;\n            flex-direction: column;\n            justify-content: center;\n            align-items: center;\n        }\n        \n        .column {\n            width: 67px;\n            height: 75px;\n            border: 1px solid #333;\n            border-radius: 3px;\n            margin-bottom: .25em;\n            cursor: pointer;\n        }\n        \n        .column.active {\n            background: #e6e6e6;\n        }\n        \n        .column-two {\n            columns: 2;\n            column-rule-color: #636363;\n            column-rule-width: 1px;\n            column-rule-style: solid;\n        }\n        \n        .column > div {\n            height: 100%;\n        }\n    </style>\n</head>\n<body>\n    <div class=\"columns-container\">\n        <div class=\"column-container\">\n            <div data-val=\"One Column\" class=\"column column-one\"></div>\n            <div class=\"column-label\">One Column</div>\n        </div>\n        \n        <div class=\"column-container\">\n            <div data-val=\"Two Columns\" class=\"column column-two\">\n                <div>&nbsp;</div>\n                <div>&nbsp;</div>\n            </div>\n            <div class=\"column-label\">Two Columns</div>\n        </div>\n    </div>\n    \n    <script>\n        window.extensionField = {};\n        \n        ContentstackUIExtension.init().then(function (extension) {\n            window.extensionField = extension;\n            \n            var data = extension.field.getData();\n            \n            $('.column').on('click', function (event) {\n                $('.column').removeClass('active');\n                $(this).addClass('active');\n                extension.field.setData($(this).data('val'));\n            });\n            \n            if (!data) {\n                $('.column[data-val=\"One Column\"]').addClass('active');\n            } else {\n                $('.column[data-val=\"' + data + '\"]').addClass('active');\n            }\n            \n            extension.window.updateHeight(100);\n        });\n    </script>\n</body>\n</html>"}}