{"blte3f11c9a415ca994":{"title":"Global","tags":[],"locale":"en-us","ACL":{},"_in_progress":true,"global_banner":{"dialog":[{"uid":"blte09fee4580b4b091","_content_type_uid":"dialogs"}],"label":"To Our Community: Please read this important update.","enabled":true},"ecommerce_settings":{"menu":[{"uid":"blt6921ef6b05ae270f","_content_type_uid":"menu"}],"site_title":"Ecommerce Demo","theme":[{"uid":"bltdb2521aaa111541f","_content_type_uid":"themes"}]},"site_mode":"Ecommerce Site","uid":"blte3f11c9a415ca994","created_by":"blt8bcfdc841f43ac8a","updated_by":"blt8bcfdc841f43ac8a","created_at":"2021-01-20T05:19:38.970Z","updated_at":"2021-01-20T08:07:04.641Z","_version":3,"publish_details":[{"environment":"blt970bbac636ca0e82","locale":"en-us","time":"2021-01-20T08:07:58.374Z","user":"blt8bcfdc841f43ac8a","version":3},{"environment":"blt2c8444d44e81a3fd","locale":"ar","time":"2021-01-20T05:31:49.278Z","user":"blt8bcfdc841f43ac8a","version":2},{"environment":"blt970bbac636ca0e82","locale":"ar","time":"2021-01-20T05:31:49.278Z","user":"blt8bcfdc841f43ac8a","version":2},{"environment":"blt0e9ace0c0fdccca5","locale":"ar","time":"2021-01-20T05:31:49.278Z","user":"blt8bcfdc841f43ac8a","version":2},{"environment":"blt2c8444d44e81a3fd","locale":"fr-fr","time":"2021-01-20T05:31:54.557Z","user":"blt8bcfdc841f43ac8a","version":2},{"environment":"blt970bbac636ca0e82","locale":"fr-fr","time":"2021-01-20T05:31:54.557Z","user":"blt8bcfdc841f43ac8a","version":2},{"environment":"blt0e9ace0c0fdccca5","locale":"fr-fr","time":"2021-01-20T05:31:54.557Z","user":"blt8bcfdc841f43ac8a","version":2},{"environment":"blt2c8444d44e81a3fd","locale":"he-il","time":"2021-01-20T05:32:06.255Z","user":"blt8bcfdc841f43ac8a","version":2},{"environment":"blt0e9ace0c0fdccca5","locale":"he-il","time":"2021-01-20T05:32:06.255Z","user":"blt8bcfdc841f43ac8a","version":2},{"environment":"blt970bbac636ca0e82","locale":"he-il","time":"2021-01-20T05:32:06.255Z","user":"blt8bcfdc841f43ac8a","version":2},{"environment":"blt970bbac636ca0e82","locale":"es","time":"2021-01-20T05:32:10.541Z","user":"blt8bcfdc841f43ac8a","version":2},{"environment":"blt0e9ace0c0fdccca5","locale":"es","time":"2021-01-20T05:32:10.541Z","user":"blt8bcfdc841f43ac8a","version":2},{"environment":"blt2c8444d44e81a3fd","locale":"es","time":"2021-01-20T05:32:10.541Z","user":"blt8bcfdc841f43ac8a","version":2},{"environment":"blt0e9ace0c0fdccca5","locale":"en-us","time":"2021-01-20T05:32:18.953Z","user":"blt8bcfdc841f43ac8a","version":2},{"environment":"blt2c8444d44e81a3fd","locale":"en-us","time":"2021-01-20T05:32:18.953Z","user":"blt8bcfdc841f43ac8a","version":2}]}}