{"bltfa157abdc1cb6c0e":{"title":"Ingram Sunglasses","url":"/product/bltb05b310a72b13aff","description":"<p>Our Ingram is styled to look great on men and on women. The styling will have you reaching for these metal framed glasses every time you head out the door.&nbsp;</p>\n<p>Ingram features 54mm lens width, a 18mm bridge and a temple arm length of 145mm.&nbsp;</p>\n<p>These lens are polarized and 100% UV protected.</p>","featured_image":[{"uid":"blt00a0d03b987604e2","created_at":"2021-01-20T05:13:19.802Z","updated_at":"2021-01-20T05:13:19.802Z","created_by":"blt8bcfdc841f43ac8a","updated_by":"blt8bcfdc841f43ac8a","content_type":"image/jpeg","file_size":"42243","tags":[],"filename":"sunglasses-ingram-front.jpg","url":"https://images.contentstack.io/v3/assets/blt58e76b141f182239/blt00a0d03b987604e2/6007bbef8915801179106fd5/sunglasses-ingram-front.jpg","ACL":[],"is_dir":false,"parent_uid":"blt6caa0fbf9e10fc6a","_version":1,"title":"sunglasses-ingram-front.jpg","publish_details":[{"environment":"blt0e9ace0c0fdccca5","locale":"ar","time":"2021-01-20T05:29:04.715Z","user":"blt8bcfdc841f43ac8a","version":1},{"environment":"blt2c8444d44e81a3fd","locale":"ar","time":"2021-01-20T05:29:04.715Z","user":"blt8bcfdc841f43ac8a","version":1},{"environment":"blt970bbac636ca0e82","locale":"ar","time":"2021-01-20T05:29:04.715Z","user":"blt8bcfdc841f43ac8a","version":1},{"environment":"blt970bbac636ca0e82","locale":"fr-fr","time":"2021-01-20T05:29:04.725Z","user":"blt8bcfdc841f43ac8a","version":1},{"environment":"blt2c8444d44e81a3fd","locale":"fr-fr","time":"2021-01-20T05:29:04.725Z","user":"blt8bcfdc841f43ac8a","version":1},{"environment":"blt0e9ace0c0fdccca5","locale":"fr-fr","time":"2021-01-20T05:29:04.725Z","user":"blt8bcfdc841f43ac8a","version":1},{"environment":"blt0e9ace0c0fdccca5","locale":"he-il","time":"2021-01-20T05:29:04.734Z","user":"blt8bcfdc841f43ac8a","version":1},{"environment":"blt2c8444d44e81a3fd","locale":"he-il","time":"2021-01-20T05:29:04.734Z","user":"blt8bcfdc841f43ac8a","version":1},{"environment":"blt970bbac636ca0e82","locale":"he-il","time":"2021-01-20T05:29:04.734Z","user":"blt8bcfdc841f43ac8a","version":1},{"environment":"blt970bbac636ca0e82","locale":"es","time":"2021-01-20T05:29:04.744Z","user":"blt8bcfdc841f43ac8a","version":1},{"environment":"blt2c8444d44e81a3fd","locale":"es","time":"2021-01-20T05:29:04.744Z","user":"blt8bcfdc841f43ac8a","version":1},{"environment":"blt0e9ace0c0fdccca5","locale":"es","time":"2021-01-20T05:29:04.744Z","user":"blt8bcfdc841f43ac8a","version":1},{"environment":"blt2c8444d44e81a3fd","locale":"en-us","time":"2021-01-20T05:29:04.758Z","user":"blt8bcfdc841f43ac8a","version":1},{"environment":"blt0e9ace0c0fdccca5","locale":"en-us","time":"2021-01-20T05:29:04.758Z","user":"blt8bcfdc841f43ac8a","version":1},{"environment":"blt970bbac636ca0e82","locale":"en-us","time":"2021-01-20T05:29:04.758Z","user":"blt8bcfdc841f43ac8a","version":1}]},{"uid":"blt175ed45b871af893","created_at":"2021-01-20T05:13:39.030Z","updated_at":"2021-01-20T05:13:39.030Z","created_by":"blt8bcfdc841f43ac8a","updated_by":"blt8bcfdc841f43ac8a","content_type":"image/jpeg","file_size":"41887","tags":[],"filename":"sunglasses-ingram-side.jpg","url":"https://images.contentstack.io/v3/assets/blt58e76b141f182239/blt175ed45b871af893/6007bc03b6ebe312635d53ac/sunglasses-ingram-side.jpg","ACL":[],"is_dir":false,"parent_uid":"blt6caa0fbf9e10fc6a","_version":1,"title":"sunglasses-ingram-side.jpg","publish_details":[{"environment":"blt2c8444d44e81a3fd","locale":"ar","time":"2021-01-20T05:28:58.014Z","user":"blt8bcfdc841f43ac8a","version":1},{"environment":"blt0e9ace0c0fdccca5","locale":"ar","time":"2021-01-20T05:28:58.014Z","user":"blt8bcfdc841f43ac8a","version":1},{"environment":"blt970bbac636ca0e82","locale":"ar","time":"2021-01-20T05:28:58.014Z","user":"blt8bcfdc841f43ac8a","version":1},{"environment":"blt970bbac636ca0e82","locale":"fr-fr","time":"2021-01-20T05:28:58.024Z","user":"blt8bcfdc841f43ac8a","version":1},{"environment":"blt0e9ace0c0fdccca5","locale":"fr-fr","time":"2021-01-20T05:28:58.024Z","user":"blt8bcfdc841f43ac8a","version":1},{"environment":"blt2c8444d44e81a3fd","locale":"fr-fr","time":"2021-01-20T05:28:58.024Z","user":"blt8bcfdc841f43ac8a","version":1},{"environment":"blt0e9ace0c0fdccca5","locale":"he-il","time":"2021-01-20T05:28:58.032Z","user":"blt8bcfdc841f43ac8a","version":1},{"environment":"blt2c8444d44e81a3fd","locale":"he-il","time":"2021-01-20T05:28:58.032Z","user":"blt8bcfdc841f43ac8a","version":1},{"environment":"blt970bbac636ca0e82","locale":"he-il","time":"2021-01-20T05:28:58.032Z","user":"blt8bcfdc841f43ac8a","version":1},{"environment":"blt2c8444d44e81a3fd","locale":"es","time":"2021-01-20T05:28:58.041Z","user":"blt8bcfdc841f43ac8a","version":1},{"environment":"blt970bbac636ca0e82","locale":"es","time":"2021-01-20T05:28:58.041Z","user":"blt8bcfdc841f43ac8a","version":1},{"environment":"blt0e9ace0c0fdccca5","locale":"es","time":"2021-01-20T05:28:58.041Z","user":"blt8bcfdc841f43ac8a","version":1},{"environment":"blt0e9ace0c0fdccca5","locale":"en-us","time":"2021-01-20T05:28:58.050Z","user":"blt8bcfdc841f43ac8a","version":1},{"environment":"blt2c8444d44e81a3fd","locale":"en-us","time":"2021-01-20T05:28:58.050Z","user":"blt8bcfdc841f43ac8a","version":1},{"environment":"blt970bbac636ca0e82","locale":"en-us","time":"2021-01-20T05:28:58.050Z","user":"blt8bcfdc841f43ac8a","version":1}]}],"categories":[{"uid":"blt5c504522553a4c3b","_content_type_uid":"category"}],"ratings":0,"tags":[],"locale":"en-us","ACL":{},"uid":"bltfa157abdc1cb6c0e","created_by":"blt8bcfdc841f43ac8a","updated_by":"blt8bcfdc841f43ac8a","created_at":"2021-01-20T05:21:41.555Z","updated_at":"2021-02-08T09:21:01.877Z","_version":4,"_in_progress":false,"price":199,"publish_details":[{"environment":"blt970bbac636ca0e82","locale":"en-us","time":"2021-02-08T09:21:05.527Z","user":"blt8bcfdc841f43ac8a","version":4},{"environment":"blt0e9ace0c0fdccca5","locale":"fr-fr","time":"2021-01-20T05:42:26.862Z","user":"blt8bcfdc841f43ac8a","version":2},{"environment":"blt2c8444d44e81a3fd","locale":"fr-fr","time":"2021-01-20T05:42:26.862Z","user":"blt8bcfdc841f43ac8a","version":2},{"environment":"blt970bbac636ca0e82","locale":"fr-fr","time":"2021-01-20T05:42:26.862Z","user":"blt8bcfdc841f43ac8a","version":2},{"environment":"blt2c8444d44e81a3fd","locale":"es","time":"2021-01-20T05:44:03.606Z","user":"blt8bcfdc841f43ac8a","version":2},{"environment":"blt0e9ace0c0fdccca5","locale":"es","time":"2021-01-20T05:44:03.606Z","user":"blt8bcfdc841f43ac8a","version":2},{"environment":"blt970bbac636ca0e82","locale":"es","time":"2021-01-20T05:44:03.607Z","user":"blt8bcfdc841f43ac8a","version":2},{"environment":"blt2c8444d44e81a3fd","locale":"ar","time":"2021-01-20T05:41:14.109Z","user":"blt8bcfdc841f43ac8a","version":2},{"environment":"blt0e9ace0c0fdccca5","locale":"ar","time":"2021-01-20T05:41:14.110Z","user":"blt8bcfdc841f43ac8a","version":2},{"environment":"blt970bbac636ca0e82","locale":"ar","time":"2021-01-20T05:41:14.110Z","user":"blt8bcfdc841f43ac8a","version":2},{"environment":"blt2c8444d44e81a3fd","locale":"he-il","time":"2021-01-20T05:42:59.488Z","user":"blt8bcfdc841f43ac8a","version":2},{"environment":"blt0e9ace0c0fdccca5","locale":"he-il","time":"2021-01-20T05:42:59.488Z","user":"blt8bcfdc841f43ac8a","version":2},{"environment":"blt970bbac636ca0e82","locale":"he-il","time":"2021-01-20T05:42:59.488Z","user":"blt8bcfdc841f43ac8a","version":2},{"environment":"blt2c8444d44e81a3fd","locale":"en-us","time":"2021-01-20T05:44:33.776Z","user":"blt8bcfdc841f43ac8a","version":2},{"environment":"blt0e9ace0c0fdccca5","locale":"en-us","time":"2021-01-20T05:44:33.777Z","user":"blt8bcfdc841f43ac8a","version":2}]},"blt788841438e4be865":{"title":"MVMT - Beverly","url":"/product/blt3b41d74a0616bc17","description":"<p>MVMT Boulevard minimalist watches feature a California-chic design with a 38 MM diameter, 6 MM thick case; movement is battery-powered 3-hand Miyota Quartz.&nbsp;</p>\n<p> This \"Beverly\" style has a strap in grey genuine leather with interchangeable capabilities. The&nbsp;rose gold hands and markers complement a white dial.  The rose gold case is made from brushed rose gold stainless steel, and hardened mineral crystal provides the glass with durability; perfect for your adventures.</p>\n<ul></ul>\n<p> Elegant and durable, this watch has water resistance up to 3 ATM/30 Meters; the Boulevard is great for everyday use, but it should not be submerged in water.&nbsp;</p>\n<p> The Boulevard watch was designed in Los Angeles, CA.<br>We're confident that you'll love this product, so we offer a two-year guarantee</p>","featured_image":[{"uid":"blt8ab97c0385a984ce","created_at":"2021-01-20T05:12:34.837Z","updated_at":"2021-01-20T05:12:34.837Z","created_by":"blt8bcfdc841f43ac8a","updated_by":"blt8bcfdc841f43ac8a","content_type":"image/jpeg","file_size":"95109","tags":[],"filename":"beverly-front.jpg","url":"https://images.contentstack.io/v3/assets/blt58e76b141f182239/blt8ab97c0385a984ce/6007bbc25a3d1e117f773843/beverly-front.jpg","ACL":[],"is_dir":false,"parent_uid":"blt693399059b3e6ad4","_version":1,"title":"beverly-front.jpg","publish_details":[{"environment":"blt0e9ace0c0fdccca5","locale":"ar","time":"2021-01-20T05:29:21.531Z","user":"blt8bcfdc841f43ac8a","version":1},{"environment":"blt2c8444d44e81a3fd","locale":"ar","time":"2021-01-20T05:29:21.531Z","user":"blt8bcfdc841f43ac8a","version":1},{"environment":"blt970bbac636ca0e82","locale":"ar","time":"2021-01-20T05:29:21.531Z","user":"blt8bcfdc841f43ac8a","version":1},{"environment":"blt2c8444d44e81a3fd","locale":"fr-fr","time":"2021-01-20T05:29:21.540Z","user":"blt8bcfdc841f43ac8a","version":1},{"environment":"blt970bbac636ca0e82","locale":"fr-fr","time":"2021-01-20T05:29:21.540Z","user":"blt8bcfdc841f43ac8a","version":1},{"environment":"blt0e9ace0c0fdccca5","locale":"fr-fr","time":"2021-01-20T05:29:21.540Z","user":"blt8bcfdc841f43ac8a","version":1},{"environment":"blt2c8444d44e81a3fd","locale":"he-il","time":"2021-01-20T05:29:21.551Z","user":"blt8bcfdc841f43ac8a","version":1},{"environment":"blt0e9ace0c0fdccca5","locale":"he-il","time":"2021-01-20T05:29:21.551Z","user":"blt8bcfdc841f43ac8a","version":1},{"environment":"blt970bbac636ca0e82","locale":"he-il","time":"2021-01-20T05:29:21.551Z","user":"blt8bcfdc841f43ac8a","version":1},{"environment":"blt970bbac636ca0e82","locale":"es","time":"2021-01-20T05:29:21.558Z","user":"blt8bcfdc841f43ac8a","version":1},{"environment":"blt0e9ace0c0fdccca5","locale":"es","time":"2021-01-20T05:29:21.558Z","user":"blt8bcfdc841f43ac8a","version":1},{"environment":"blt2c8444d44e81a3fd","locale":"es","time":"2021-01-20T05:29:21.558Z","user":"blt8bcfdc841f43ac8a","version":1},{"environment":"blt970bbac636ca0e82","locale":"en-us","time":"2021-01-20T05:29:21.566Z","user":"blt8bcfdc841f43ac8a","version":1},{"environment":"blt2c8444d44e81a3fd","locale":"en-us","time":"2021-01-20T05:29:21.566Z","user":"blt8bcfdc841f43ac8a","version":1},{"environment":"blt0e9ace0c0fdccca5","locale":"en-us","time":"2021-01-20T05:29:21.566Z","user":"blt8bcfdc841f43ac8a","version":1}]},{"uid":"bltdf8f068c08580713","created_at":"2021-01-20T05:13:39.552Z","updated_at":"2021-01-20T05:13:39.552Z","created_by":"blt8bcfdc841f43ac8a","updated_by":"blt8bcfdc841f43ac8a","content_type":"image/jpeg","file_size":"106367","tags":[],"filename":"beverly-side.jpg","url":"https://images.contentstack.io/v3/assets/blt58e76b141f182239/bltdf8f068c08580713/6007bc033aa447122b6c3485/beverly-side.jpg","ACL":[],"is_dir":false,"parent_uid":"blt693399059b3e6ad4","_version":1,"title":"beverly-side.jpg","publish_details":[{"environment":"blt0e9ace0c0fdccca5","locale":"ar","time":"2021-01-20T05:28:58.408Z","user":"blt8bcfdc841f43ac8a","version":1},{"environment":"blt2c8444d44e81a3fd","locale":"ar","time":"2021-01-20T05:28:58.408Z","user":"blt8bcfdc841f43ac8a","version":1},{"environment":"blt970bbac636ca0e82","locale":"ar","time":"2021-01-20T05:28:58.408Z","user":"blt8bcfdc841f43ac8a","version":1},{"environment":"blt0e9ace0c0fdccca5","locale":"fr-fr","time":"2021-01-20T05:28:58.416Z","user":"blt8bcfdc841f43ac8a","version":1},{"environment":"blt2c8444d44e81a3fd","locale":"fr-fr","time":"2021-01-20T05:28:58.416Z","user":"blt8bcfdc841f43ac8a","version":1},{"environment":"blt970bbac636ca0e82","locale":"fr-fr","time":"2021-01-20T05:28:58.416Z","user":"blt8bcfdc841f43ac8a","version":1},{"environment":"blt0e9ace0c0fdccca5","locale":"he-il","time":"2021-01-20T05:28:58.424Z","user":"blt8bcfdc841f43ac8a","version":1},{"environment":"blt2c8444d44e81a3fd","locale":"he-il","time":"2021-01-20T05:28:58.424Z","user":"blt8bcfdc841f43ac8a","version":1},{"environment":"blt970bbac636ca0e82","locale":"he-il","time":"2021-01-20T05:28:58.424Z","user":"blt8bcfdc841f43ac8a","version":1},{"environment":"blt2c8444d44e81a3fd","locale":"es","time":"2021-01-20T05:28:58.433Z","user":"blt8bcfdc841f43ac8a","version":1},{"environment":"blt0e9ace0c0fdccca5","locale":"es","time":"2021-01-20T05:28:58.433Z","user":"blt8bcfdc841f43ac8a","version":1},{"environment":"blt970bbac636ca0e82","locale":"es","time":"2021-01-20T05:28:58.433Z","user":"blt8bcfdc841f43ac8a","version":1},{"environment":"blt0e9ace0c0fdccca5","locale":"en-us","time":"2021-01-20T05:28:58.442Z","user":"blt8bcfdc841f43ac8a","version":1},{"environment":"blt970bbac636ca0e82","locale":"en-us","time":"2021-01-20T05:28:58.444Z","user":"blt8bcfdc841f43ac8a","version":1},{"environment":"blt2c8444d44e81a3fd","locale":"en-us","time":"2021-01-20T05:28:58.442Z","user":"blt8bcfdc841f43ac8a","version":1}]},{"uid":"blt7ade24d0961ab1c9","created_at":"2021-01-20T05:12:22.459Z","updated_at":"2021-01-20T05:12:22.459Z","created_by":"blt8bcfdc841f43ac8a","updated_by":"blt8bcfdc841f43ac8a","content_type":"image/jpeg","file_size":"97149","tags":[],"filename":"beverly-back.jpg","url":"https://images.contentstack.io/v3/assets/blt58e76b141f182239/blt7ade24d0961ab1c9/6007bbb679aec812767d5a64/beverly-back.jpg","ACL":[],"is_dir":false,"parent_uid":"blt693399059b3e6ad4","_version":1,"title":"beverly-back.jpg","publish_details":[{"environment":"blt0e9ace0c0fdccca5","locale":"ar","time":"2021-01-20T05:29:25.321Z","user":"blt8bcfdc841f43ac8a","version":1},{"environment":"blt2c8444d44e81a3fd","locale":"ar","time":"2021-01-20T05:29:25.321Z","user":"blt8bcfdc841f43ac8a","version":1},{"environment":"blt970bbac636ca0e82","locale":"ar","time":"2021-01-20T05:29:25.321Z","user":"blt8bcfdc841f43ac8a","version":1},{"environment":"blt2c8444d44e81a3fd","locale":"fr-fr","time":"2021-01-20T05:29:25.331Z","user":"blt8bcfdc841f43ac8a","version":1},{"environment":"blt0e9ace0c0fdccca5","locale":"fr-fr","time":"2021-01-20T05:29:25.331Z","user":"blt8bcfdc841f43ac8a","version":1},{"environment":"blt970bbac636ca0e82","locale":"fr-fr","time":"2021-01-20T05:29:25.331Z","user":"blt8bcfdc841f43ac8a","version":1},{"environment":"blt2c8444d44e81a3fd","locale":"he-il","time":"2021-01-20T05:29:25.338Z","user":"blt8bcfdc841f43ac8a","version":1},{"environment":"blt0e9ace0c0fdccca5","locale":"he-il","time":"2021-01-20T05:29:25.338Z","user":"blt8bcfdc841f43ac8a","version":1},{"environment":"blt970bbac636ca0e82","locale":"he-il","time":"2021-01-20T05:29:25.338Z","user":"blt8bcfdc841f43ac8a","version":1},{"environment":"blt970bbac636ca0e82","locale":"es","time":"2021-01-20T05:29:25.347Z","user":"blt8bcfdc841f43ac8a","version":1},{"environment":"blt0e9ace0c0fdccca5","locale":"es","time":"2021-01-20T05:29:25.347Z","user":"blt8bcfdc841f43ac8a","version":1},{"environment":"blt2c8444d44e81a3fd","locale":"es","time":"2021-01-20T05:29:25.347Z","user":"blt8bcfdc841f43ac8a","version":1},{"environment":"blt2c8444d44e81a3fd","locale":"en-us","time":"2021-01-20T05:29:25.357Z","user":"blt8bcfdc841f43ac8a","version":1},{"environment":"blt0e9ace0c0fdccca5","locale":"en-us","time":"2021-01-20T05:29:25.357Z","user":"blt8bcfdc841f43ac8a","version":1},{"environment":"blt970bbac636ca0e82","locale":"en-us","time":"2021-01-20T05:29:25.357Z","user":"blt8bcfdc841f43ac8a","version":1}]}],"categories":[{"uid":"blt3eedc2535a9e1d5c","_content_type_uid":"category"}],"tags":[],"locale":"en-us","ratings":4,"ACL":{},"uid":"blt788841438e4be865","created_by":"blt8bcfdc841f43ac8a","updated_by":"blt8bcfdc841f43ac8a","created_at":"2021-01-20T05:21:45.261Z","updated_at":"2021-02-08T09:20:56.938Z","_version":4,"_in_progress":false,"price":399,"publish_details":[{"environment":"blt970bbac636ca0e82","locale":"en-us","time":"2021-02-08T09:21:08.200Z","user":"blt8bcfdc841f43ac8a","version":4},{"environment":"blt0e9ace0c0fdccca5","locale":"fr-fr","time":"2021-01-20T05:42:01.558Z","user":"blt8bcfdc841f43ac8a","version":2},{"environment":"blt970bbac636ca0e82","locale":"fr-fr","time":"2021-01-20T05:42:01.558Z","user":"blt8bcfdc841f43ac8a","version":2},{"environment":"blt2c8444d44e81a3fd","locale":"fr-fr","time":"2021-01-20T05:42:01.558Z","user":"blt8bcfdc841f43ac8a","version":2},{"environment":"blt970bbac636ca0e82","locale":"es","time":"2021-01-20T05:43:46.059Z","user":"blt8bcfdc841f43ac8a","version":2},{"environment":"blt0e9ace0c0fdccca5","locale":"es","time":"2021-01-20T05:43:46.059Z","user":"blt8bcfdc841f43ac8a","version":2},{"environment":"blt2c8444d44e81a3fd","locale":"es","time":"2021-01-20T05:43:46.059Z","user":"blt8bcfdc841f43ac8a","version":2},{"environment":"blt970bbac636ca0e82","locale":"ar","time":"2021-01-20T05:41:17.745Z","user":"blt8bcfdc841f43ac8a","version":2},{"environment":"blt2c8444d44e81a3fd","locale":"ar","time":"2021-01-20T05:41:17.744Z","user":"blt8bcfdc841f43ac8a","version":2},{"environment":"blt0e9ace0c0fdccca5","locale":"ar","time":"2021-01-20T05:41:17.745Z","user":"blt8bcfdc841f43ac8a","version":2},{"environment":"blt970bbac636ca0e82","locale":"he-il","time":"2021-01-20T05:42:59.916Z","user":"blt8bcfdc841f43ac8a","version":2},{"environment":"blt0e9ace0c0fdccca5","locale":"he-il","time":"2021-01-20T05:42:59.916Z","user":"blt8bcfdc841f43ac8a","version":2},{"environment":"blt2c8444d44e81a3fd","locale":"he-il","time":"2021-01-20T05:42:59.916Z","user":"blt8bcfdc841f43ac8a","version":2},{"environment":"blt0e9ace0c0fdccca5","locale":"en-us","time":"2021-01-20T05:44:37.256Z","user":"blt8bcfdc841f43ac8a","version":2},{"environment":"blt2c8444d44e81a3fd","locale":"en-us","time":"2021-01-20T05:44:37.256Z","user":"blt8bcfdc841f43ac8a","version":2}]},"blt6342eaf6ebd9def2":{"title":"TAG HEUER AQUARACER WAY201A.FT6069 Automatic Watch 43 mm","url":"/product/blt3ac3e878350cb7e9","description":"<p>The TAG HEUER AQUARACER Automatic Watch is 43 mm stainless steel brushed and polished rotating Bezel in black ceramic, polished steel Crown black Dial with \"Sunray\" Indexes/Markers hand-applied in superluminova black rubber Strap.<br></p>\n<p></p>","featured_image":[{"uid":"blte8be39c47fe2e5a6","created_at":"2021-01-20T05:12:27.440Z","updated_at":"2021-01-20T05:12:27.440Z","created_by":"blt8bcfdc841f43ac8a","updated_by":"blt8bcfdc841f43ac8a","content_type":"image/jpeg","file_size":"32983","tags":[],"filename":"tag-front.jpg","url":"https://images.contentstack.io/v3/assets/blt58e76b141f182239/blte8be39c47fe2e5a6/6007bbbb8fa67511d53045e5/tag-front.jpg","ACL":[],"is_dir":false,"parent_uid":"blt693399059b3e6ad4","_version":1,"title":"tag-front.jpg","publish_details":[{"environment":"blt2c8444d44e81a3fd","locale":"ar","time":"2021-01-20T05:29:22.688Z","user":"blt8bcfdc841f43ac8a","version":1},{"environment":"blt0e9ace0c0fdccca5","locale":"ar","time":"2021-01-20T05:29:22.688Z","user":"blt8bcfdc841f43ac8a","version":1},{"environment":"blt970bbac636ca0e82","locale":"ar","time":"2021-01-20T05:29:22.688Z","user":"blt8bcfdc841f43ac8a","version":1},{"environment":"blt0e9ace0c0fdccca5","locale":"fr-fr","time":"2021-01-20T05:29:22.697Z","user":"blt8bcfdc841f43ac8a","version":1},{"environment":"blt2c8444d44e81a3fd","locale":"fr-fr","time":"2021-01-20T05:29:22.696Z","user":"blt8bcfdc841f43ac8a","version":1},{"environment":"blt970bbac636ca0e82","locale":"fr-fr","time":"2021-01-20T05:29:22.697Z","user":"blt8bcfdc841f43ac8a","version":1},{"environment":"blt2c8444d44e81a3fd","locale":"he-il","time":"2021-01-20T05:29:22.706Z","user":"blt8bcfdc841f43ac8a","version":1},{"environment":"blt0e9ace0c0fdccca5","locale":"he-il","time":"2021-01-20T05:29:22.706Z","user":"blt8bcfdc841f43ac8a","version":1},{"environment":"blt970bbac636ca0e82","locale":"he-il","time":"2021-01-20T05:29:22.706Z","user":"blt8bcfdc841f43ac8a","version":1},{"environment":"blt970bbac636ca0e82","locale":"es","time":"2021-01-20T05:29:22.715Z","user":"blt8bcfdc841f43ac8a","version":1},{"environment":"blt2c8444d44e81a3fd","locale":"es","time":"2021-01-20T05:29:22.715Z","user":"blt8bcfdc841f43ac8a","version":1},{"environment":"blt0e9ace0c0fdccca5","locale":"es","time":"2021-01-20T05:29:22.715Z","user":"blt8bcfdc841f43ac8a","version":1},{"environment":"blt2c8444d44e81a3fd","locale":"en-us","time":"2021-01-20T05:29:22.724Z","user":"blt8bcfdc841f43ac8a","version":1},{"environment":"blt0e9ace0c0fdccca5","locale":"en-us","time":"2021-01-20T05:29:22.724Z","user":"blt8bcfdc841f43ac8a","version":1},{"environment":"blt970bbac636ca0e82","locale":"en-us","time":"2021-01-20T05:29:22.724Z","user":"blt8bcfdc841f43ac8a","version":1}]},{"uid":"bltdf4a39b857cda566","created_at":"2021-01-20T05:12:29.801Z","updated_at":"2021-01-20T05:12:29.801Z","created_by":"blt8bcfdc841f43ac8a","updated_by":"blt8bcfdc841f43ac8a","content_type":"image/jpeg","file_size":"37631","tags":[],"filename":"tag-side.jpg","url":"https://images.contentstack.io/v3/assets/blt58e76b141f182239/bltdf4a39b857cda566/6007bbbd1e402911ad0bc2a4/tag-side.jpg","ACL":[],"is_dir":false,"parent_uid":"blt693399059b3e6ad4","_version":1,"title":"tag-side.jpg","publish_details":[{"environment":"blt2c8444d44e81a3fd","locale":"ar","time":"2021-01-20T05:29:22.709Z","user":"blt8bcfdc841f43ac8a","version":1},{"environment":"blt970bbac636ca0e82","locale":"ar","time":"2021-01-20T05:29:22.709Z","user":"blt8bcfdc841f43ac8a","version":1},{"environment":"blt0e9ace0c0fdccca5","locale":"ar","time":"2021-01-20T05:29:22.709Z","user":"blt8bcfdc841f43ac8a","version":1},{"environment":"blt2c8444d44e81a3fd","locale":"fr-fr","time":"2021-01-20T05:29:22.716Z","user":"blt8bcfdc841f43ac8a","version":1},{"environment":"blt0e9ace0c0fdccca5","locale":"fr-fr","time":"2021-01-20T05:29:22.716Z","user":"blt8bcfdc841f43ac8a","version":1},{"environment":"blt970bbac636ca0e82","locale":"fr-fr","time":"2021-01-20T05:29:22.716Z","user":"blt8bcfdc841f43ac8a","version":1},{"environment":"blt970bbac636ca0e82","locale":"he-il","time":"2021-01-20T05:29:22.724Z","user":"blt8bcfdc841f43ac8a","version":1},{"environment":"blt0e9ace0c0fdccca5","locale":"he-il","time":"2021-01-20T05:29:22.724Z","user":"blt8bcfdc841f43ac8a","version":1},{"environment":"blt2c8444d44e81a3fd","locale":"he-il","time":"2021-01-20T05:29:22.724Z","user":"blt8bcfdc841f43ac8a","version":1},{"environment":"blt970bbac636ca0e82","locale":"es","time":"2021-01-20T05:29:22.732Z","user":"blt8bcfdc841f43ac8a","version":1},{"environment":"blt2c8444d44e81a3fd","locale":"es","time":"2021-01-20T05:29:22.732Z","user":"blt8bcfdc841f43ac8a","version":1},{"environment":"blt0e9ace0c0fdccca5","locale":"es","time":"2021-01-20T05:29:22.732Z","user":"blt8bcfdc841f43ac8a","version":1},{"environment":"blt0e9ace0c0fdccca5","locale":"en-us","time":"2021-01-20T05:29:22.740Z","user":"blt8bcfdc841f43ac8a","version":1},{"environment":"blt970bbac636ca0e82","locale":"en-us","time":"2021-01-20T05:29:22.740Z","user":"blt8bcfdc841f43ac8a","version":1},{"environment":"blt2c8444d44e81a3fd","locale":"en-us","time":"2021-01-20T05:29:22.739Z","user":"blt8bcfdc841f43ac8a","version":1}]},{"uid":"blt4075d92b17952690","created_at":"2021-01-20T05:11:36.677Z","updated_at":"2021-01-20T05:11:36.677Z","created_by":"blt8bcfdc841f43ac8a","updated_by":"blt8bcfdc841f43ac8a","content_type":"image/jpeg","file_size":"36018","tags":[],"filename":"tag-side2.jpg","url":"https://images.contentstack.io/v3/assets/blt58e76b141f182239/blt4075d92b17952690/6007bb88fa3f3c11a9508588/tag-side2.jpg","ACL":[],"is_dir":false,"parent_uid":"blt693399059b3e6ad4","_version":1,"title":"tag-side2.jpg","publish_details":[{"environment":"blt970bbac636ca0e82","locale":"ar","time":"2021-01-20T05:29:39.652Z","user":"blt8bcfdc841f43ac8a","version":1},{"environment":"blt2c8444d44e81a3fd","locale":"ar","time":"2021-01-20T05:29:39.652Z","user":"blt8bcfdc841f43ac8a","version":1},{"environment":"blt0e9ace0c0fdccca5","locale":"ar","time":"2021-01-20T05:29:39.652Z","user":"blt8bcfdc841f43ac8a","version":1},{"environment":"blt2c8444d44e81a3fd","locale":"fr-fr","time":"2021-01-20T05:29:39.661Z","user":"blt8bcfdc841f43ac8a","version":1},{"environment":"blt970bbac636ca0e82","locale":"fr-fr","time":"2021-01-20T05:29:39.661Z","user":"blt8bcfdc841f43ac8a","version":1},{"environment":"blt0e9ace0c0fdccca5","locale":"fr-fr","time":"2021-01-20T05:29:39.661Z","user":"blt8bcfdc841f43ac8a","version":1},{"environment":"blt970bbac636ca0e82","locale":"he-il","time":"2021-01-20T05:29:39.670Z","user":"blt8bcfdc841f43ac8a","version":1},{"environment":"blt2c8444d44e81a3fd","locale":"he-il","time":"2021-01-20T05:29:39.670Z","user":"blt8bcfdc841f43ac8a","version":1},{"environment":"blt0e9ace0c0fdccca5","locale":"he-il","time":"2021-01-20T05:29:39.670Z","user":"blt8bcfdc841f43ac8a","version":1},{"environment":"blt2c8444d44e81a3fd","locale":"es","time":"2021-01-20T05:29:39.678Z","user":"blt8bcfdc841f43ac8a","version":1},{"environment":"blt970bbac636ca0e82","locale":"es","time":"2021-01-20T05:29:39.678Z","user":"blt8bcfdc841f43ac8a","version":1},{"environment":"blt0e9ace0c0fdccca5","locale":"es","time":"2021-01-20T05:29:39.678Z","user":"blt8bcfdc841f43ac8a","version":1},{"environment":"blt2c8444d44e81a3fd","locale":"en-us","time":"2021-01-20T05:29:39.686Z","user":"blt8bcfdc841f43ac8a","version":1},{"environment":"blt970bbac636ca0e82","locale":"en-us","time":"2021-01-20T05:29:39.686Z","user":"blt8bcfdc841f43ac8a","version":1},{"environment":"blt0e9ace0c0fdccca5","locale":"en-us","time":"2021-01-20T05:29:39.686Z","user":"blt8bcfdc841f43ac8a","version":1}]}],"categories":[{"uid":"blt3eedc2535a9e1d5c","_content_type_uid":"category"}],"tags":[],"locale":"en-us","ACL":{},"ratings":0,"uid":"blt6342eaf6ebd9def2","created_by":"blt8bcfdc841f43ac8a","updated_by":"blt8bcfdc841f43ac8a","created_at":"2021-01-20T05:21:32.839Z","updated_at":"2021-02-08T09:20:48.118Z","_version":4,"_in_progress":false,"price":499,"publish_details":[{"environment":"blt970bbac636ca0e82","locale":"en-us","time":"2021-02-08T09:20:51.816Z","user":"blt8bcfdc841f43ac8a","version":4},{"environment":"blt970bbac636ca0e82","locale":"fr-fr","time":"2021-01-20T05:42:08.871Z","user":"blt8bcfdc841f43ac8a","version":2},{"environment":"blt0e9ace0c0fdccca5","locale":"fr-fr","time":"2021-01-20T05:42:08.871Z","user":"blt8bcfdc841f43ac8a","version":2},{"environment":"blt2c8444d44e81a3fd","locale":"fr-fr","time":"2021-01-20T05:42:08.871Z","user":"blt8bcfdc841f43ac8a","version":2},{"environment":"blt2c8444d44e81a3fd","locale":"es","time":"2021-01-20T05:43:48.516Z","user":"blt8bcfdc841f43ac8a","version":2},{"environment":"blt970bbac636ca0e82","locale":"es","time":"2021-01-20T05:43:48.516Z","user":"blt8bcfdc841f43ac8a","version":2},{"environment":"blt0e9ace0c0fdccca5","locale":"es","time":"2021-01-20T05:43:48.516Z","user":"blt8bcfdc841f43ac8a","version":2},{"environment":"blt0e9ace0c0fdccca5","locale":"ar","time":"2021-01-20T05:41:17.087Z","user":"blt8bcfdc841f43ac8a","version":2},{"environment":"blt970bbac636ca0e82","locale":"ar","time":"2021-01-20T05:41:17.087Z","user":"blt8bcfdc841f43ac8a","version":2},{"environment":"blt2c8444d44e81a3fd","locale":"ar","time":"2021-01-20T05:41:17.087Z","user":"blt8bcfdc841f43ac8a","version":2},{"environment":"blt2c8444d44e81a3fd","locale":"he-il","time":"2021-01-20T05:43:02.057Z","user":"blt8bcfdc841f43ac8a","version":2},{"environment":"blt970bbac636ca0e82","locale":"he-il","time":"2021-01-20T05:43:02.057Z","user":"blt8bcfdc841f43ac8a","version":2},{"environment":"blt0e9ace0c0fdccca5","locale":"he-il","time":"2021-01-20T05:43:02.057Z","user":"blt8bcfdc841f43ac8a","version":2},{"environment":"blt0e9ace0c0fdccca5","locale":"en-us","time":"2021-01-20T05:44:36.267Z","user":"blt8bcfdc841f43ac8a","version":2},{"environment":"blt2c8444d44e81a3fd","locale":"en-us","time":"2021-01-20T05:44:36.267Z","user":"blt8bcfdc841f43ac8a","version":2}]},"bltd6b1c23c4bae9570":{"title":"Taylor Stitch - The Moto Jacket","url":"/product/bltefc07b7111472484","description":"<p>It all started when Taylor Stitch stumbled across “Albert's jacket”–a family heirloom handed down by the father of one of its employees. After much digging, they learned it had been made by their San Francisco neighbors at Golden Bear some 43 years prior. Even more amazing, was how Golden Bear still happened to have access to the same buttery soft steerhide leather that ages beautifully and will last for generations to come.</p>","featured_image":[{"uid":"blt74129f431ba3357c","created_at":"2021-01-20T05:14:25.501Z","updated_at":"2021-01-20T05:14:25.501Z","created_by":"blt8bcfdc841f43ac8a","updated_by":"blt8bcfdc841f43ac8a","content_type":"image/jpeg","file_size":"1412607","tags":[],"filename":"jacket-front.jpg","url":"https://images.contentstack.io/v3/assets/blt58e76b141f182239/blt74129f431ba3357c/6007bc31c2d294115c4fdee9/jacket-front.jpg","ACL":[],"is_dir":false,"parent_uid":"blt79a46deec938bacd","_version":1,"title":"jacket-front.jpg","publish_details":[{"environment":"blt970bbac636ca0e82","locale":"ar","time":"2021-01-20T05:28:44.170Z","user":"blt8bcfdc841f43ac8a","version":1},{"environment":"blt2c8444d44e81a3fd","locale":"ar","time":"2021-01-20T05:28:44.170Z","user":"blt8bcfdc841f43ac8a","version":1},{"environment":"blt0e9ace0c0fdccca5","locale":"ar","time":"2021-01-20T05:28:44.170Z","user":"blt8bcfdc841f43ac8a","version":1},{"environment":"blt970bbac636ca0e82","locale":"fr-fr","time":"2021-01-20T05:28:44.185Z","user":"blt8bcfdc841f43ac8a","version":1},{"environment":"blt2c8444d44e81a3fd","locale":"fr-fr","time":"2021-01-20T05:28:44.185Z","user":"blt8bcfdc841f43ac8a","version":1},{"environment":"blt0e9ace0c0fdccca5","locale":"fr-fr","time":"2021-01-20T05:28:44.185Z","user":"blt8bcfdc841f43ac8a","version":1},{"environment":"blt970bbac636ca0e82","locale":"he-il","time":"2021-01-20T05:28:44.196Z","user":"blt8bcfdc841f43ac8a","version":1},{"environment":"blt2c8444d44e81a3fd","locale":"he-il","time":"2021-01-20T05:28:44.196Z","user":"blt8bcfdc841f43ac8a","version":1},{"environment":"blt0e9ace0c0fdccca5","locale":"he-il","time":"2021-01-20T05:28:44.196Z","user":"blt8bcfdc841f43ac8a","version":1},{"environment":"blt2c8444d44e81a3fd","locale":"es","time":"2021-01-20T05:28:44.207Z","user":"blt8bcfdc841f43ac8a","version":1},{"environment":"blt970bbac636ca0e82","locale":"es","time":"2021-01-20T05:28:44.207Z","user":"blt8bcfdc841f43ac8a","version":1},{"environment":"blt0e9ace0c0fdccca5","locale":"es","time":"2021-01-20T05:28:44.207Z","user":"blt8bcfdc841f43ac8a","version":1},{"environment":"blt0e9ace0c0fdccca5","locale":"en-us","time":"2021-01-20T05:28:44.216Z","user":"blt8bcfdc841f43ac8a","version":1},{"environment":"blt970bbac636ca0e82","locale":"en-us","time":"2021-01-20T05:28:44.216Z","user":"blt8bcfdc841f43ac8a","version":1},{"environment":"blt2c8444d44e81a3fd","locale":"en-us","time":"2021-01-20T05:28:44.216Z","user":"blt8bcfdc841f43ac8a","version":1}]},{"uid":"blt0dc21999e5915da3","created_at":"2021-01-20T05:13:32.162Z","updated_at":"2021-01-20T05:13:32.162Z","created_by":"blt8bcfdc841f43ac8a","updated_by":"blt8bcfdc841f43ac8a","content_type":"image/jpeg","file_size":"838380","tags":[],"filename":"jacket-open.jpg","url":"https://images.contentstack.io/v3/assets/blt58e76b141f182239/blt0dc21999e5915da3/6007bbfc5f9ccb11d901e2e8/jacket-open.jpg","ACL":[],"is_dir":false,"parent_uid":"blt79a46deec938bacd","_version":1,"title":"jacket-open.jpg","publish_details":[{"environment":"blt2c8444d44e81a3fd","locale":"ar","time":"2021-01-20T05:29:02.224Z","user":"blt8bcfdc841f43ac8a","version":1},{"environment":"blt0e9ace0c0fdccca5","locale":"ar","time":"2021-01-20T05:29:02.224Z","user":"blt8bcfdc841f43ac8a","version":1},{"environment":"blt970bbac636ca0e82","locale":"ar","time":"2021-01-20T05:29:02.224Z","user":"blt8bcfdc841f43ac8a","version":1},{"environment":"blt0e9ace0c0fdccca5","locale":"fr-fr","time":"2021-01-20T05:29:02.234Z","user":"blt8bcfdc841f43ac8a","version":1},{"environment":"blt2c8444d44e81a3fd","locale":"fr-fr","time":"2021-01-20T05:29:02.234Z","user":"blt8bcfdc841f43ac8a","version":1},{"environment":"blt970bbac636ca0e82","locale":"fr-fr","time":"2021-01-20T05:29:02.234Z","user":"blt8bcfdc841f43ac8a","version":1},{"environment":"blt0e9ace0c0fdccca5","locale":"he-il","time":"2021-01-20T05:29:02.244Z","user":"blt8bcfdc841f43ac8a","version":1},{"environment":"blt970bbac636ca0e82","locale":"he-il","time":"2021-01-20T05:29:02.244Z","user":"blt8bcfdc841f43ac8a","version":1},{"environment":"blt2c8444d44e81a3fd","locale":"he-il","time":"2021-01-20T05:29:02.244Z","user":"blt8bcfdc841f43ac8a","version":1},{"environment":"blt0e9ace0c0fdccca5","locale":"es","time":"2021-01-20T05:29:02.254Z","user":"blt8bcfdc841f43ac8a","version":1},{"environment":"blt2c8444d44e81a3fd","locale":"es","time":"2021-01-20T05:29:02.254Z","user":"blt8bcfdc841f43ac8a","version":1},{"environment":"blt970bbac636ca0e82","locale":"es","time":"2021-01-20T05:29:02.254Z","user":"blt8bcfdc841f43ac8a","version":1},{"environment":"blt2c8444d44e81a3fd","locale":"en-us","time":"2021-01-20T05:29:02.264Z","user":"blt8bcfdc841f43ac8a","version":1},{"environment":"blt0e9ace0c0fdccca5","locale":"en-us","time":"2021-01-20T05:29:02.264Z","user":"blt8bcfdc841f43ac8a","version":1},{"environment":"blt970bbac636ca0e82","locale":"en-us","time":"2021-01-20T05:29:02.265Z","user":"blt8bcfdc841f43ac8a","version":1}]},{"uid":"bltc54818d4d82f632d","created_at":"2021-01-20T05:14:38.194Z","updated_at":"2021-01-20T05:14:38.194Z","created_by":"blt8bcfdc841f43ac8a","updated_by":"blt8bcfdc841f43ac8a","content_type":"image/jpeg","file_size":"740255","tags":[],"filename":"jacket_collar.jpg","url":"https://images.contentstack.io/v3/assets/blt58e76b141f182239/bltc54818d4d82f632d/6007bc3ebec96811a055e019/jacket_collar.jpg","ACL":[],"is_dir":false,"parent_uid":"blt79a46deec938bacd","_version":1,"title":"jacket_collar.jpg","publish_details":[{"environment":"blt970bbac636ca0e82","locale":"ar","time":"2021-01-20T05:28:43.125Z","user":"blt8bcfdc841f43ac8a","version":1},{"environment":"blt0e9ace0c0fdccca5","locale":"ar","time":"2021-01-20T05:28:43.125Z","user":"blt8bcfdc841f43ac8a","version":1},{"environment":"blt2c8444d44e81a3fd","locale":"ar","time":"2021-01-20T05:28:43.125Z","user":"blt8bcfdc841f43ac8a","version":1},{"environment":"blt2c8444d44e81a3fd","locale":"fr-fr","time":"2021-01-20T05:28:43.134Z","user":"blt8bcfdc841f43ac8a","version":1},{"environment":"blt970bbac636ca0e82","locale":"fr-fr","time":"2021-01-20T05:28:43.134Z","user":"blt8bcfdc841f43ac8a","version":1},{"environment":"blt0e9ace0c0fdccca5","locale":"fr-fr","time":"2021-01-20T05:28:43.134Z","user":"blt8bcfdc841f43ac8a","version":1},{"environment":"blt970bbac636ca0e82","locale":"he-il","time":"2021-01-20T05:28:43.142Z","user":"blt8bcfdc841f43ac8a","version":1},{"environment":"blt2c8444d44e81a3fd","locale":"he-il","time":"2021-01-20T05:28:43.142Z","user":"blt8bcfdc841f43ac8a","version":1},{"environment":"blt0e9ace0c0fdccca5","locale":"he-il","time":"2021-01-20T05:28:43.142Z","user":"blt8bcfdc841f43ac8a","version":1},{"environment":"blt2c8444d44e81a3fd","locale":"es","time":"2021-01-20T05:28:43.149Z","user":"blt8bcfdc841f43ac8a","version":1},{"environment":"blt0e9ace0c0fdccca5","locale":"es","time":"2021-01-20T05:28:43.149Z","user":"blt8bcfdc841f43ac8a","version":1},{"environment":"blt970bbac636ca0e82","locale":"es","time":"2021-01-20T05:28:43.149Z","user":"blt8bcfdc841f43ac8a","version":1},{"environment":"blt970bbac636ca0e82","locale":"en-us","time":"2021-01-20T05:28:43.157Z","user":"blt8bcfdc841f43ac8a","version":1},{"environment":"blt2c8444d44e81a3fd","locale":"en-us","time":"2021-01-20T05:28:43.157Z","user":"blt8bcfdc841f43ac8a","version":1},{"environment":"blt0e9ace0c0fdccca5","locale":"en-us","time":"2021-01-20T05:28:43.157Z","user":"blt8bcfdc841f43ac8a","version":1}]}],"categories":[{"uid":"blt5c504522553a4c3b","_content_type_uid":"category"}],"tags":[],"locale":"en-us","ACL":{},"ratings":0,"uid":"bltd6b1c23c4bae9570","created_by":"blt8bcfdc841f43ac8a","updated_by":"blt8bcfdc841f43ac8a","created_at":"2021-01-20T05:21:00.894Z","updated_at":"2021-02-08T09:20:40.074Z","_version":4,"_in_progress":false,"price":299,"publish_details":[{"environment":"blt970bbac636ca0e82","locale":"en-us","time":"2021-02-08T09:20:43.671Z","user":"blt8bcfdc841f43ac8a","version":4},{"environment":"blt2c8444d44e81a3fd","locale":"fr-fr","time":"2021-01-20T05:42:24.196Z","user":"blt8bcfdc841f43ac8a","version":2},{"environment":"blt0e9ace0c0fdccca5","locale":"fr-fr","time":"2021-01-20T05:42:24.196Z","user":"blt8bcfdc841f43ac8a","version":2},{"environment":"blt970bbac636ca0e82","locale":"fr-fr","time":"2021-01-20T05:42:24.196Z","user":"blt8bcfdc841f43ac8a","version":2},{"environment":"blt2c8444d44e81a3fd","locale":"es","time":"2021-01-20T05:43:58.742Z","user":"blt8bcfdc841f43ac8a","version":2},{"environment":"blt970bbac636ca0e82","locale":"es","time":"2021-01-20T05:43:58.742Z","user":"blt8bcfdc841f43ac8a","version":2},{"environment":"blt0e9ace0c0fdccca5","locale":"es","time":"2021-01-20T05:43:58.742Z","user":"blt8bcfdc841f43ac8a","version":2},{"environment":"blt2c8444d44e81a3fd","locale":"ar","time":"2021-01-20T05:41:23.630Z","user":"blt8bcfdc841f43ac8a","version":2},{"environment":"blt0e9ace0c0fdccca5","locale":"ar","time":"2021-01-20T05:41:23.630Z","user":"blt8bcfdc841f43ac8a","version":2},{"environment":"blt970bbac636ca0e82","locale":"ar","time":"2021-01-20T05:41:23.630Z","user":"blt8bcfdc841f43ac8a","version":2},{"environment":"blt0e9ace0c0fdccca5","locale":"he-il","time":"2021-01-20T05:43:03.386Z","user":"blt8bcfdc841f43ac8a","version":2},{"environment":"blt2c8444d44e81a3fd","locale":"he-il","time":"2021-01-20T05:43:03.386Z","user":"blt8bcfdc841f43ac8a","version":2},{"environment":"blt970bbac636ca0e82","locale":"he-il","time":"2021-01-20T05:43:03.386Z","user":"blt8bcfdc841f43ac8a","version":2},{"environment":"blt2c8444d44e81a3fd","locale":"en-us","time":"2021-01-20T05:44:40.206Z","user":"blt8bcfdc841f43ac8a","version":2},{"environment":"blt0e9ace0c0fdccca5","locale":"en-us","time":"2021-01-20T05:44:40.206Z","user":"blt8bcfdc841f43ac8a","version":2}]},"bltbfefbafd9ca83e81":{"title":"Low-Cut Boot in Brown Stretch Fit","url":"/product/blt5e0de3e155d05a60","description":"<p>Kumar paves the way to a professional look with these cap-toe oxfords—punctuated with distinctive detailing.</p>\n<p>Cap toe Lace-up closure with blind eyelets Broguing details. The tan shoes come with matching and burgundy laces; the black shoes come with matching and blue laces Full length padded footbed Leather upper; man-made sole Imported.<br></p>","featured_image":[{"uid":"blt83cc653661016eb9","created_at":"2021-01-20T05:14:46.002Z","updated_at":"2021-01-20T05:14:46.002Z","created_by":"blt8bcfdc841f43ac8a","updated_by":"blt8bcfdc841f43ac8a","content_type":"image/jpeg","file_size":"25415","tags":["clothing","apparel","shoe","footwear","boot"],"filename":"ns-3e465f06-2bcc-467a-aef3-811a623c0f9e.jpeg","url":"https://images.contentstack.io/v3/assets/blt58e76b141f182239/blt83cc653661016eb9/6007bc46ffbed811b43f2811/ns-3e465f06-2bcc-467a-aef3-811a623c0f9e.jpeg","ACL":[],"is_dir":false,"parent_uid":"blt5b294dd9c4f56de8","_version":1,"title":"ns-3e465f06-2bcc-467a-aef3-811a623c0f9e.jpeg","publish_details":[{"environment":"blt970bbac636ca0e82","locale":"ar","time":"2021-01-20T05:28:40.914Z","user":"blt8bcfdc841f43ac8a","version":1},{"environment":"blt0e9ace0c0fdccca5","locale":"ar","time":"2021-01-20T05:28:40.913Z","user":"blt8bcfdc841f43ac8a","version":1},{"environment":"blt2c8444d44e81a3fd","locale":"ar","time":"2021-01-20T05:28:40.913Z","user":"blt8bcfdc841f43ac8a","version":1},{"environment":"blt0e9ace0c0fdccca5","locale":"fr-fr","time":"2021-01-20T05:28:40.922Z","user":"blt8bcfdc841f43ac8a","version":1},{"environment":"blt2c8444d44e81a3fd","locale":"fr-fr","time":"2021-01-20T05:28:40.922Z","user":"blt8bcfdc841f43ac8a","version":1},{"environment":"blt970bbac636ca0e82","locale":"fr-fr","time":"2021-01-20T05:28:40.922Z","user":"blt8bcfdc841f43ac8a","version":1},{"environment":"blt0e9ace0c0fdccca5","locale":"he-il","time":"2021-01-20T05:28:40.930Z","user":"blt8bcfdc841f43ac8a","version":1},{"environment":"blt970bbac636ca0e82","locale":"he-il","time":"2021-01-20T05:28:40.930Z","user":"blt8bcfdc841f43ac8a","version":1},{"environment":"blt2c8444d44e81a3fd","locale":"he-il","time":"2021-01-20T05:28:40.930Z","user":"blt8bcfdc841f43ac8a","version":1},{"environment":"blt2c8444d44e81a3fd","locale":"es","time":"2021-01-20T05:28:40.938Z","user":"blt8bcfdc841f43ac8a","version":1},{"environment":"blt970bbac636ca0e82","locale":"es","time":"2021-01-20T05:28:40.938Z","user":"blt8bcfdc841f43ac8a","version":1},{"environment":"blt0e9ace0c0fdccca5","locale":"es","time":"2021-01-20T05:28:40.938Z","user":"blt8bcfdc841f43ac8a","version":1},{"environment":"blt0e9ace0c0fdccca5","locale":"en-us","time":"2021-01-20T05:28:40.952Z","user":"blt8bcfdc841f43ac8a","version":1},{"environment":"blt970bbac636ca0e82","locale":"en-us","time":"2021-01-20T05:28:40.952Z","user":"blt8bcfdc841f43ac8a","version":1},{"environment":"blt2c8444d44e81a3fd","locale":"en-us","time":"2021-01-20T05:28:40.947Z","user":"blt8bcfdc841f43ac8a","version":1}]},{"uid":"blt51deb128395cea11","created_at":"2021-01-20T05:14:42.478Z","updated_at":"2021-01-20T05:14:42.478Z","created_by":"blt8bcfdc841f43ac8a","updated_by":"blt8bcfdc841f43ac8a","content_type":"image/jpeg","file_size":"28829","tags":["apparel","clothing","footwear","shoe","boot","riding boot"],"filename":"ns-16cccc04-98f4-434c-8459-fa0dcc3a5c72.jpeg","url":"https://images.contentstack.io/v3/assets/blt58e76b141f182239/blt51deb128395cea11/6007bc426610f6125bf5d01a/ns-16cccc04-98f4-434c-8459-fa0dcc3a5c72.jpeg","ACL":[],"is_dir":false,"parent_uid":"blt5b294dd9c4f56de8","_version":1,"title":"ns-16cccc04-98f4-434c-8459-fa0dcc3a5c72.jpeg","publish_details":[{"environment":"blt2c8444d44e81a3fd","locale":"ar","time":"2021-01-20T05:28:41.982Z","user":"blt8bcfdc841f43ac8a","version":1},{"environment":"blt970bbac636ca0e82","locale":"ar","time":"2021-01-20T05:28:41.982Z","user":"blt8bcfdc841f43ac8a","version":1},{"environment":"blt0e9ace0c0fdccca5","locale":"ar","time":"2021-01-20T05:28:41.982Z","user":"blt8bcfdc841f43ac8a","version":1},{"environment":"blt970bbac636ca0e82","locale":"fr-fr","time":"2021-01-20T05:28:41.992Z","user":"blt8bcfdc841f43ac8a","version":1},{"environment":"blt2c8444d44e81a3fd","locale":"fr-fr","time":"2021-01-20T05:28:41.992Z","user":"blt8bcfdc841f43ac8a","version":1},{"environment":"blt0e9ace0c0fdccca5","locale":"fr-fr","time":"2021-01-20T05:28:41.992Z","user":"blt8bcfdc841f43ac8a","version":1},{"environment":"blt0e9ace0c0fdccca5","locale":"he-il","time":"2021-01-20T05:28:42.003Z","user":"blt8bcfdc841f43ac8a","version":1},{"environment":"blt2c8444d44e81a3fd","locale":"he-il","time":"2021-01-20T05:28:42.003Z","user":"blt8bcfdc841f43ac8a","version":1},{"environment":"blt970bbac636ca0e82","locale":"he-il","time":"2021-01-20T05:28:42.003Z","user":"blt8bcfdc841f43ac8a","version":1},{"environment":"blt2c8444d44e81a3fd","locale":"es","time":"2021-01-20T05:28:42.013Z","user":"blt8bcfdc841f43ac8a","version":1},{"environment":"blt970bbac636ca0e82","locale":"es","time":"2021-01-20T05:28:42.013Z","user":"blt8bcfdc841f43ac8a","version":1},{"environment":"blt0e9ace0c0fdccca5","locale":"es","time":"2021-01-20T05:28:42.013Z","user":"blt8bcfdc841f43ac8a","version":1},{"environment":"blt0e9ace0c0fdccca5","locale":"en-us","time":"2021-01-20T05:28:42.022Z","user":"blt8bcfdc841f43ac8a","version":1},{"environment":"blt970bbac636ca0e82","locale":"en-us","time":"2021-01-20T05:28:42.023Z","user":"blt8bcfdc841f43ac8a","version":1},{"environment":"blt2c8444d44e81a3fd","locale":"en-us","time":"2021-01-20T05:28:42.022Z","user":"blt8bcfdc841f43ac8a","version":1}]},{"uid":"bltd2d8da6e8134cab3","created_at":"2021-01-20T05:14:12.705Z","updated_at":"2021-01-20T05:14:12.705Z","created_by":"blt8bcfdc841f43ac8a","updated_by":"blt8bcfdc841f43ac8a","content_type":"image/jpeg","file_size":"31783","tags":["apparel","clothing","footwear","shoe","boot"],"filename":"ns-b5ac437d-3ce3-4ae8-853d-7b35fbd6c574.jpeg","url":"https://images.contentstack.io/v3/assets/blt58e76b141f182239/bltd2d8da6e8134cab3/6007bc246381e9122ca0304b/ns-b5ac437d-3ce3-4ae8-853d-7b35fbd6c574.jpeg","ACL":[],"is_dir":false,"parent_uid":"blt5b294dd9c4f56de8","_version":1,"title":"ns-b5ac437d-3ce3-4ae8-853d-7b35fbd6c574.jpeg","publish_details":[{"environment":"blt970bbac636ca0e82","locale":"ar","time":"2021-01-20T05:28:46.054Z","user":"blt8bcfdc841f43ac8a","version":1},{"environment":"blt2c8444d44e81a3fd","locale":"ar","time":"2021-01-20T05:28:46.054Z","user":"blt8bcfdc841f43ac8a","version":1},{"environment":"blt0e9ace0c0fdccca5","locale":"ar","time":"2021-01-20T05:28:46.054Z","user":"blt8bcfdc841f43ac8a","version":1},{"environment":"blt970bbac636ca0e82","locale":"fr-fr","time":"2021-01-20T05:28:46.062Z","user":"blt8bcfdc841f43ac8a","version":1},{"environment":"blt0e9ace0c0fdccca5","locale":"fr-fr","time":"2021-01-20T05:28:46.062Z","user":"blt8bcfdc841f43ac8a","version":1},{"environment":"blt2c8444d44e81a3fd","locale":"fr-fr","time":"2021-01-20T05:28:46.062Z","user":"blt8bcfdc841f43ac8a","version":1},{"environment":"blt2c8444d44e81a3fd","locale":"he-il","time":"2021-01-20T05:28:46.069Z","user":"blt8bcfdc841f43ac8a","version":1},{"environment":"blt0e9ace0c0fdccca5","locale":"he-il","time":"2021-01-20T05:28:46.069Z","user":"blt8bcfdc841f43ac8a","version":1},{"environment":"blt970bbac636ca0e82","locale":"he-il","time":"2021-01-20T05:28:46.069Z","user":"blt8bcfdc841f43ac8a","version":1},{"environment":"blt970bbac636ca0e82","locale":"es","time":"2021-01-20T05:28:46.076Z","user":"blt8bcfdc841f43ac8a","version":1},{"environment":"blt2c8444d44e81a3fd","locale":"es","time":"2021-01-20T05:28:46.076Z","user":"blt8bcfdc841f43ac8a","version":1},{"environment":"blt0e9ace0c0fdccca5","locale":"es","time":"2021-01-20T05:28:46.076Z","user":"blt8bcfdc841f43ac8a","version":1},{"environment":"blt2c8444d44e81a3fd","locale":"en-us","time":"2021-01-20T05:28:46.084Z","user":"blt8bcfdc841f43ac8a","version":1},{"environment":"blt970bbac636ca0e82","locale":"en-us","time":"2021-01-20T05:28:46.085Z","user":"blt8bcfdc841f43ac8a","version":1},{"environment":"blt0e9ace0c0fdccca5","locale":"en-us","time":"2021-01-20T05:28:46.084Z","user":"blt8bcfdc841f43ac8a","version":1}]}],"categories":[{"uid":"blt5c504522553a4c3b","_content_type_uid":"category"}],"tags":[],"locale":"en-us","ACL":{},"ratings":0,"uid":"bltbfefbafd9ca83e81","created_by":"blt8bcfdc841f43ac8a","updated_by":"blt8bcfdc841f43ac8a","created_at":"2021-01-20T05:21:11.206Z","updated_at":"2021-02-08T09:20:30.944Z","_version":4,"_in_progress":false,"price":99,"publish_details":[{"environment":"blt970bbac636ca0e82","locale":"en-us","time":"2021-02-08T09:20:34.220Z","user":"blt8bcfdc841f43ac8a","version":4},{"environment":"blt2c8444d44e81a3fd","locale":"fr-fr","time":"2021-01-20T05:42:11.022Z","user":"blt8bcfdc841f43ac8a","version":2},{"environment":"blt0e9ace0c0fdccca5","locale":"fr-fr","time":"2021-01-20T05:42:11.022Z","user":"blt8bcfdc841f43ac8a","version":2},{"environment":"blt970bbac636ca0e82","locale":"fr-fr","time":"2021-01-20T05:42:11.022Z","user":"blt8bcfdc841f43ac8a","version":2},{"environment":"blt0e9ace0c0fdccca5","locale":"es","time":"2021-01-20T05:43:49.937Z","user":"blt8bcfdc841f43ac8a","version":2},{"environment":"blt970bbac636ca0e82","locale":"es","time":"2021-01-20T05:43:49.937Z","user":"blt8bcfdc841f43ac8a","version":2},{"environment":"blt2c8444d44e81a3fd","locale":"es","time":"2021-01-20T05:43:49.937Z","user":"blt8bcfdc841f43ac8a","version":2},{"environment":"blt2c8444d44e81a3fd","locale":"ar","time":"2021-01-20T05:41:29.332Z","user":"blt8bcfdc841f43ac8a","version":2},{"environment":"blt0e9ace0c0fdccca5","locale":"ar","time":"2021-01-20T05:41:29.332Z","user":"blt8bcfdc841f43ac8a","version":2},{"environment":"blt970bbac636ca0e82","locale":"ar","time":"2021-01-20T05:41:29.332Z","user":"blt8bcfdc841f43ac8a","version":2},{"environment":"blt2c8444d44e81a3fd","locale":"he-il","time":"2021-01-20T05:43:11.734Z","user":"blt8bcfdc841f43ac8a","version":2},{"environment":"blt0e9ace0c0fdccca5","locale":"he-il","time":"2021-01-20T05:43:11.734Z","user":"blt8bcfdc841f43ac8a","version":2},{"environment":"blt970bbac636ca0e82","locale":"he-il","time":"2021-01-20T05:43:11.734Z","user":"blt8bcfdc841f43ac8a","version":2},{"environment":"blt0e9ace0c0fdccca5","locale":"en-us","time":"2021-01-20T05:44:43.188Z","user":"blt8bcfdc841f43ac8a","version":2},{"environment":"blt2c8444d44e81a3fd","locale":"en-us","time":"2021-01-20T05:44:43.188Z","user":"blt8bcfdc841f43ac8a","version":2}]},"blta0891226d306f3c4":{"title":"Lux Jacket - Blue","url":"/product/bltf3f8e3a53d7b9524","description":"<p><strong>Size Info:</strong></p>\n<p> Narrow through the bust and shoulders.<br>If purchasing for the first time, order one size up.<br><strong><br>Details & Care:</strong></p>\n<p> Iconic checks line the collar and cuffs of this lightweight quilted jacket that embraces heritage styling while providing the perfect amount of warmth for transitional seasons.&nbsp;</p>\n<ul><li>25 1/2\" length (size Medium)&nbsp;</li><li>Front button closure&nbsp;</li><li>Point collar with hook-and-eye closure&nbsp;</li><li>Long sleeves with button cuffs&nbsp;</li><li>Front slip pockets&nbsp;</li><li>Epaulets Lined 100% polyester</li></ul>\n<p>Dry clean Imported Collectors.<br></p>","featured_image":[{"uid":"bltae1728dc0c689192","created_at":"2021-01-20T05:11:52.822Z","updated_at":"2021-01-20T05:11:52.822Z","created_by":"blt8bcfdc841f43ac8a","updated_by":"blt8bcfdc841f43ac8a","content_type":"image/png","file_size":"443264","tags":[],"filename":"Taylor_Stitch_Mendocino_Peacoat_(3).png","url":"https://images.contentstack.io/v3/assets/blt58e76b141f182239/bltae1728dc0c689192/6007bb985fbfa1117e30686f/Taylor_Stitch_Mendocino_Peacoat_(3).png","ACL":[],"is_dir":false,"parent_uid":"blt79a46deec938bacd","_version":1,"title":"Taylor_Stitch_Mendocino_Peacoat_(3).png","publish_details":[{"environment":"blt970bbac636ca0e82","locale":"ar","time":"2021-01-20T05:29:30.891Z","user":"blt8bcfdc841f43ac8a","version":1},{"environment":"blt2c8444d44e81a3fd","locale":"ar","time":"2021-01-20T05:29:30.891Z","user":"blt8bcfdc841f43ac8a","version":1},{"environment":"blt0e9ace0c0fdccca5","locale":"ar","time":"2021-01-20T05:29:30.891Z","user":"blt8bcfdc841f43ac8a","version":1},{"environment":"blt970bbac636ca0e82","locale":"fr-fr","time":"2021-01-20T05:29:30.901Z","user":"blt8bcfdc841f43ac8a","version":1},{"environment":"blt0e9ace0c0fdccca5","locale":"fr-fr","time":"2021-01-20T05:29:30.901Z","user":"blt8bcfdc841f43ac8a","version":1},{"environment":"blt2c8444d44e81a3fd","locale":"fr-fr","time":"2021-01-20T05:29:30.901Z","user":"blt8bcfdc841f43ac8a","version":1},{"environment":"blt2c8444d44e81a3fd","locale":"he-il","time":"2021-01-20T05:29:30.911Z","user":"blt8bcfdc841f43ac8a","version":1},{"environment":"blt0e9ace0c0fdccca5","locale":"he-il","time":"2021-01-20T05:29:30.911Z","user":"blt8bcfdc841f43ac8a","version":1},{"environment":"blt970bbac636ca0e82","locale":"he-il","time":"2021-01-20T05:29:30.911Z","user":"blt8bcfdc841f43ac8a","version":1},{"environment":"blt0e9ace0c0fdccca5","locale":"es","time":"2021-01-20T05:29:30.921Z","user":"blt8bcfdc841f43ac8a","version":1},{"environment":"blt2c8444d44e81a3fd","locale":"es","time":"2021-01-20T05:29:30.921Z","user":"blt8bcfdc841f43ac8a","version":1},{"environment":"blt970bbac636ca0e82","locale":"es","time":"2021-01-20T05:29:30.921Z","user":"blt8bcfdc841f43ac8a","version":1},{"environment":"blt2c8444d44e81a3fd","locale":"en-us","time":"2021-01-20T05:29:30.930Z","user":"blt8bcfdc841f43ac8a","version":1},{"environment":"blt0e9ace0c0fdccca5","locale":"en-us","time":"2021-01-20T05:29:30.930Z","user":"blt8bcfdc841f43ac8a","version":1},{"environment":"blt970bbac636ca0e82","locale":"en-us","time":"2021-01-20T05:29:30.930Z","user":"blt8bcfdc841f43ac8a","version":1}]},{"uid":"blt809be90f8c459fc4","created_at":"2021-01-20T05:10:58.990Z","updated_at":"2021-01-20T05:10:58.990Z","created_by":"blt8bcfdc841f43ac8a","updated_by":"blt8bcfdc841f43ac8a","content_type":"image/png","file_size":"185734","tags":[],"filename":"Taylor_Stitch_Mendocino_Peacoat_(2).png","url":"https://images.contentstack.io/v3/assets/blt58e76b141f182239/blt809be90f8c459fc4/6007bb62684856117dd1f71c/Taylor_Stitch_Mendocino_Peacoat_(2).png","ACL":[],"is_dir":false,"parent_uid":"blt79a46deec938bacd","_version":1,"title":"Taylor_Stitch_Mendocino_Peacoat_(2).png","publish_details":[{"environment":"blt0e9ace0c0fdccca5","locale":"ar","time":"2021-01-20T05:29:50.223Z","user":"blt8bcfdc841f43ac8a","version":1},{"environment":"blt2c8444d44e81a3fd","locale":"ar","time":"2021-01-20T05:29:50.223Z","user":"blt8bcfdc841f43ac8a","version":1},{"environment":"blt970bbac636ca0e82","locale":"ar","time":"2021-01-20T05:29:50.223Z","user":"blt8bcfdc841f43ac8a","version":1},{"environment":"blt0e9ace0c0fdccca5","locale":"fr-fr","time":"2021-01-20T05:29:50.232Z","user":"blt8bcfdc841f43ac8a","version":1},{"environment":"blt970bbac636ca0e82","locale":"fr-fr","time":"2021-01-20T05:29:50.232Z","user":"blt8bcfdc841f43ac8a","version":1},{"environment":"blt2c8444d44e81a3fd","locale":"fr-fr","time":"2021-01-20T05:29:50.232Z","user":"blt8bcfdc841f43ac8a","version":1},{"environment":"blt2c8444d44e81a3fd","locale":"he-il","time":"2021-01-20T05:29:50.241Z","user":"blt8bcfdc841f43ac8a","version":1},{"environment":"blt970bbac636ca0e82","locale":"he-il","time":"2021-01-20T05:29:50.241Z","user":"blt8bcfdc841f43ac8a","version":1},{"environment":"blt0e9ace0c0fdccca5","locale":"he-il","time":"2021-01-20T05:29:50.241Z","user":"blt8bcfdc841f43ac8a","version":1},{"environment":"blt2c8444d44e81a3fd","locale":"es","time":"2021-01-20T05:29:50.250Z","user":"blt8bcfdc841f43ac8a","version":1},{"environment":"blt970bbac636ca0e82","locale":"es","time":"2021-01-20T05:29:50.250Z","user":"blt8bcfdc841f43ac8a","version":1},{"environment":"blt0e9ace0c0fdccca5","locale":"es","time":"2021-01-20T05:29:50.250Z","user":"blt8bcfdc841f43ac8a","version":1},{"environment":"blt0e9ace0c0fdccca5","locale":"en-us","time":"2021-01-20T05:29:50.260Z","user":"blt8bcfdc841f43ac8a","version":1},{"environment":"blt2c8444d44e81a3fd","locale":"en-us","time":"2021-01-20T05:29:50.259Z","user":"blt8bcfdc841f43ac8a","version":1},{"environment":"blt970bbac636ca0e82","locale":"en-us","time":"2021-01-20T05:29:50.260Z","user":"blt8bcfdc841f43ac8a","version":1}]}],"categories":[{"uid":"blt5c504522553a4c3b","_content_type_uid":"category"}],"tags":[],"locale":"en-us","ACL":{},"ratings":0,"uid":"blta0891226d306f3c4","created_by":"blt8bcfdc841f43ac8a","updated_by":"blt8bcfdc841f43ac8a","created_at":"2021-01-20T05:20:59.687Z","updated_at":"2021-02-08T09:20:22.502Z","_version":5,"_in_progress":false,"price":199,"publish_details":[{"environment":"blt970bbac636ca0e82","locale":"en-us","time":"2021-02-08T09:20:25.415Z","user":"blt8bcfdc841f43ac8a","version":5},{"environment":"blt0e9ace0c0fdccca5","locale":"fr-fr","time":"2021-01-20T05:42:15.084Z","user":"blt8bcfdc841f43ac8a","version":2},{"environment":"blt2c8444d44e81a3fd","locale":"fr-fr","time":"2021-01-20T05:42:15.084Z","user":"blt8bcfdc841f43ac8a","version":2},{"environment":"blt970bbac636ca0e82","locale":"fr-fr","time":"2021-01-20T05:42:15.084Z","user":"blt8bcfdc841f43ac8a","version":2},{"environment":"blt970bbac636ca0e82","locale":"ar","time":"2021-01-20T05:41:22.696Z","user":"blt8bcfdc841f43ac8a","version":2},{"environment":"blt0e9ace0c0fdccca5","locale":"ar","time":"2021-01-20T05:41:22.696Z","user":"blt8bcfdc841f43ac8a","version":2},{"environment":"blt2c8444d44e81a3fd","locale":"ar","time":"2021-01-20T05:41:22.696Z","user":"blt8bcfdc841f43ac8a","version":2},{"environment":"blt2c8444d44e81a3fd","locale":"he-il","time":"2021-01-20T05:43:02.120Z","user":"blt8bcfdc841f43ac8a","version":2},{"environment":"blt0e9ace0c0fdccca5","locale":"he-il","time":"2021-01-20T05:43:02.120Z","user":"blt8bcfdc841f43ac8a","version":2},{"environment":"blt970bbac636ca0e82","locale":"he-il","time":"2021-01-20T05:43:02.120Z","user":"blt8bcfdc841f43ac8a","version":2},{"environment":"blt970bbac636ca0e82","locale":"es","time":"2021-01-20T05:44:08.194Z","user":"blt8bcfdc841f43ac8a","version":2},{"environment":"blt2c8444d44e81a3fd","locale":"es","time":"2021-01-20T05:44:08.194Z","user":"blt8bcfdc841f43ac8a","version":2},{"environment":"blt0e9ace0c0fdccca5","locale":"es","time":"2021-01-20T05:44:08.194Z","user":"blt8bcfdc841f43ac8a","version":2},{"environment":"blt2c8444d44e81a3fd","locale":"en-us","time":"2021-01-20T05:44:40.149Z","user":"blt8bcfdc841f43ac8a","version":2},{"environment":"blt0e9ace0c0fdccca5","locale":"en-us","time":"2021-01-20T05:44:40.149Z","user":"blt8bcfdc841f43ac8a","version":2}]},"blt7cdcf40bfdf62627":{"title":"Amberley Calfskin Leather Clutch","url":"/product/blt87c77108a60d6705","description":"<p>Equestrian-inspired hardware adds to the timeless appeal of a lightly glazed calfskin clutch that can also be carried hands-free.</p>","featured_image":[{"uid":"blt5f8d7bfe5eae7821","created_at":"2021-01-20T05:13:09.642Z","updated_at":"2021-01-20T05:13:09.642Z","created_by":"blt8bcfdc841f43ac8a","updated_by":"blt8bcfdc841f43ac8a","content_type":"image/jpeg","file_size":"191330","tags":[],"filename":"mulberry-bag-front.jpeg","url":"https://images.contentstack.io/v3/assets/blt58e76b141f182239/blt5f8d7bfe5eae7821/6007bbe5e1c5e111b68f5fb6/mulberry-bag-front.jpeg","ACL":[],"is_dir":false,"parent_uid":"bltcd95834fd3c97bab","_version":1,"title":"mulberry-bag-front.jpeg","publish_details":[{"environment":"blt970bbac636ca0e82","locale":"ar","time":"2021-01-20T05:29:05.964Z","user":"blt8bcfdc841f43ac8a","version":1},{"environment":"blt0e9ace0c0fdccca5","locale":"ar","time":"2021-01-20T05:29:05.964Z","user":"blt8bcfdc841f43ac8a","version":1},{"environment":"blt2c8444d44e81a3fd","locale":"ar","time":"2021-01-20T05:29:05.964Z","user":"blt8bcfdc841f43ac8a","version":1},{"environment":"blt2c8444d44e81a3fd","locale":"fr-fr","time":"2021-01-20T05:29:05.973Z","user":"blt8bcfdc841f43ac8a","version":1},{"environment":"blt0e9ace0c0fdccca5","locale":"fr-fr","time":"2021-01-20T05:29:05.973Z","user":"blt8bcfdc841f43ac8a","version":1},{"environment":"blt970bbac636ca0e82","locale":"fr-fr","time":"2021-01-20T05:29:05.973Z","user":"blt8bcfdc841f43ac8a","version":1},{"environment":"blt0e9ace0c0fdccca5","locale":"es","time":"2021-01-20T05:29:05.990Z","user":"blt8bcfdc841f43ac8a","version":1},{"environment":"blt2c8444d44e81a3fd","locale":"he-il","time":"2021-01-20T05:29:05.981Z","user":"blt8bcfdc841f43ac8a","version":1},{"environment":"blt970bbac636ca0e82","locale":"es","time":"2021-01-20T05:29:05.990Z","user":"blt8bcfdc841f43ac8a","version":1},{"environment":"blt0e9ace0c0fdccca5","locale":"he-il","time":"2021-01-20T05:29:05.981Z","user":"blt8bcfdc841f43ac8a","version":1},{"environment":"blt970bbac636ca0e82","locale":"he-il","time":"2021-01-20T05:29:05.981Z","user":"blt8bcfdc841f43ac8a","version":1},{"environment":"blt970bbac636ca0e82","locale":"en-us","time":"2021-01-20T05:29:06.000Z","user":"blt8bcfdc841f43ac8a","version":1},{"environment":"blt2c8444d44e81a3fd","locale":"es","time":"2021-01-20T05:29:05.990Z","user":"blt8bcfdc841f43ac8a","version":1},{"environment":"blt2c8444d44e81a3fd","locale":"en-us","time":"2021-01-20T05:29:05.999Z","user":"blt8bcfdc841f43ac8a","version":1},{"environment":"blt0e9ace0c0fdccca5","locale":"en-us","time":"2021-01-20T05:29:05.999Z","user":"blt8bcfdc841f43ac8a","version":1}]},{"uid":"blta90e9f705aecc3ed","created_at":"2021-01-20T05:15:01.702Z","updated_at":"2021-01-20T05:15:01.702Z","created_by":"blt8bcfdc841f43ac8a","updated_by":"blt8bcfdc841f43ac8a","content_type":"image/jpeg","file_size":"224053","tags":[],"filename":"mulberry-bag-back.jpeg","url":"https://images.contentstack.io/v3/assets/blt58e76b141f182239/blta90e9f705aecc3ed/6007bc55150d5211d70c5b35/mulberry-bag-back.jpeg","ACL":[],"is_dir":false,"parent_uid":"bltcd95834fd3c97bab","_version":1,"title":"mulberry-bag-back.jpeg","publish_details":[{"environment":"blt970bbac636ca0e82","locale":"ar","time":"2021-01-20T05:28:39.685Z","user":"blt8bcfdc841f43ac8a","version":1},{"environment":"blt2c8444d44e81a3fd","locale":"ar","time":"2021-01-20T05:28:39.685Z","user":"blt8bcfdc841f43ac8a","version":1},{"environment":"blt0e9ace0c0fdccca5","locale":"ar","time":"2021-01-20T05:28:39.685Z","user":"blt8bcfdc841f43ac8a","version":1},{"environment":"blt0e9ace0c0fdccca5","locale":"fr-fr","time":"2021-01-20T05:28:39.694Z","user":"blt8bcfdc841f43ac8a","version":1},{"environment":"blt970bbac636ca0e82","locale":"fr-fr","time":"2021-01-20T05:28:39.694Z","user":"blt8bcfdc841f43ac8a","version":1},{"environment":"blt2c8444d44e81a3fd","locale":"fr-fr","time":"2021-01-20T05:28:39.694Z","user":"blt8bcfdc841f43ac8a","version":1},{"environment":"blt2c8444d44e81a3fd","locale":"he-il","time":"2021-01-20T05:28:39.702Z","user":"blt8bcfdc841f43ac8a","version":1},{"environment":"blt0e9ace0c0fdccca5","locale":"he-il","time":"2021-01-20T05:28:39.702Z","user":"blt8bcfdc841f43ac8a","version":1},{"environment":"blt970bbac636ca0e82","locale":"he-il","time":"2021-01-20T05:28:39.702Z","user":"blt8bcfdc841f43ac8a","version":1},{"environment":"blt970bbac636ca0e82","locale":"es","time":"2021-01-20T05:28:39.709Z","user":"blt8bcfdc841f43ac8a","version":1},{"environment":"blt0e9ace0c0fdccca5","locale":"es","time":"2021-01-20T05:28:39.709Z","user":"blt8bcfdc841f43ac8a","version":1},{"environment":"blt2c8444d44e81a3fd","locale":"es","time":"2021-01-20T05:28:39.709Z","user":"blt8bcfdc841f43ac8a","version":1},{"environment":"blt0e9ace0c0fdccca5","locale":"en-us","time":"2021-01-20T05:28:39.717Z","user":"blt8bcfdc841f43ac8a","version":1},{"environment":"blt970bbac636ca0e82","locale":"en-us","time":"2021-01-20T05:28:39.717Z","user":"blt8bcfdc841f43ac8a","version":1},{"environment":"blt2c8444d44e81a3fd","locale":"en-us","time":"2021-01-20T05:28:39.717Z","user":"blt8bcfdc841f43ac8a","version":1}]},{"uid":"blt8bcd58f96d6b7863","created_at":"2021-01-20T05:13:35.339Z","updated_at":"2021-01-20T05:13:35.339Z","created_by":"blt8bcfdc841f43ac8a","updated_by":"blt8bcfdc841f43ac8a","content_type":"image/jpeg","file_size":"127972","tags":[],"filename":"mulberry-bag-top.jpeg","url":"https://images.contentstack.io/v3/assets/blt58e76b141f182239/blt8bcd58f96d6b7863/6007bbff64b078120e0f5964/mulberry-bag-top.jpeg","ACL":[],"is_dir":false,"parent_uid":"bltcd95834fd3c97bab","_version":1,"title":"mulberry-bag-top.jpeg","publish_details":[{"environment":"blt2c8444d44e81a3fd","locale":"ar","time":"2021-01-20T05:28:59.663Z","user":"blt8bcfdc841f43ac8a","version":1},{"environment":"blt970bbac636ca0e82","locale":"ar","time":"2021-01-20T05:28:59.663Z","user":"blt8bcfdc841f43ac8a","version":1},{"environment":"blt0e9ace0c0fdccca5","locale":"ar","time":"2021-01-20T05:28:59.663Z","user":"blt8bcfdc841f43ac8a","version":1},{"environment":"blt970bbac636ca0e82","locale":"fr-fr","time":"2021-01-20T05:28:59.674Z","user":"blt8bcfdc841f43ac8a","version":1},{"environment":"blt0e9ace0c0fdccca5","locale":"fr-fr","time":"2021-01-20T05:28:59.674Z","user":"blt8bcfdc841f43ac8a","version":1},{"environment":"blt2c8444d44e81a3fd","locale":"fr-fr","time":"2021-01-20T05:28:59.674Z","user":"blt8bcfdc841f43ac8a","version":1},{"environment":"blt0e9ace0c0fdccca5","locale":"he-il","time":"2021-01-20T05:28:59.684Z","user":"blt8bcfdc841f43ac8a","version":1},{"environment":"blt2c8444d44e81a3fd","locale":"he-il","time":"2021-01-20T05:28:59.684Z","user":"blt8bcfdc841f43ac8a","version":1},{"environment":"blt970bbac636ca0e82","locale":"he-il","time":"2021-01-20T05:28:59.684Z","user":"blt8bcfdc841f43ac8a","version":1},{"environment":"blt2c8444d44e81a3fd","locale":"es","time":"2021-01-20T05:28:59.696Z","user":"blt8bcfdc841f43ac8a","version":1},{"environment":"blt0e9ace0c0fdccca5","locale":"es","time":"2021-01-20T05:28:59.696Z","user":"blt8bcfdc841f43ac8a","version":1},{"environment":"blt970bbac636ca0e82","locale":"es","time":"2021-01-20T05:28:59.696Z","user":"blt8bcfdc841f43ac8a","version":1},{"environment":"blt970bbac636ca0e82","locale":"en-us","time":"2021-01-20T05:28:59.708Z","user":"blt8bcfdc841f43ac8a","version":1},{"environment":"blt0e9ace0c0fdccca5","locale":"en-us","time":"2021-01-20T05:28:59.708Z","user":"blt8bcfdc841f43ac8a","version":1},{"environment":"blt2c8444d44e81a3fd","locale":"en-us","time":"2021-01-20T05:28:59.708Z","user":"blt8bcfdc841f43ac8a","version":1}]},{"uid":"blt5bd4874364f5346b","created_at":"2021-01-20T05:13:50.612Z","updated_at":"2021-01-20T05:13:50.612Z","created_by":"blt8bcfdc841f43ac8a","updated_by":"blt8bcfdc841f43ac8a","content_type":"image/jpeg","file_size":"58663","tags":[],"filename":"mulberry-bag-person.jpeg","url":"https://images.contentstack.io/v3/assets/blt58e76b141f182239/blt5bd4874364f5346b/6007bc0e96c7a912204bf3ec/mulberry-bag-person.jpeg","ACL":[],"is_dir":false,"parent_uid":"bltcd95834fd3c97bab","_version":1,"title":"mulberry-bag-person.jpeg","publish_details":[{"environment":"blt0e9ace0c0fdccca5","locale":"ar","time":"2021-01-20T05:28:52.090Z","user":"blt8bcfdc841f43ac8a","version":1},{"environment":"blt2c8444d44e81a3fd","locale":"ar","time":"2021-01-20T05:28:52.090Z","user":"blt8bcfdc841f43ac8a","version":1},{"environment":"blt970bbac636ca0e82","locale":"ar","time":"2021-01-20T05:28:52.090Z","user":"blt8bcfdc841f43ac8a","version":1},{"environment":"blt0e9ace0c0fdccca5","locale":"fr-fr","time":"2021-01-20T05:28:52.101Z","user":"blt8bcfdc841f43ac8a","version":1},{"environment":"blt970bbac636ca0e82","locale":"fr-fr","time":"2021-01-20T05:28:52.101Z","user":"blt8bcfdc841f43ac8a","version":1},{"environment":"blt2c8444d44e81a3fd","locale":"fr-fr","time":"2021-01-20T05:28:52.101Z","user":"blt8bcfdc841f43ac8a","version":1},{"environment":"blt2c8444d44e81a3fd","locale":"he-il","time":"2021-01-20T05:28:52.111Z","user":"blt8bcfdc841f43ac8a","version":1},{"environment":"blt970bbac636ca0e82","locale":"he-il","time":"2021-01-20T05:28:52.111Z","user":"blt8bcfdc841f43ac8a","version":1},{"environment":"blt0e9ace0c0fdccca5","locale":"he-il","time":"2021-01-20T05:28:52.111Z","user":"blt8bcfdc841f43ac8a","version":1},{"environment":"blt2c8444d44e81a3fd","locale":"es","time":"2021-01-20T05:28:52.121Z","user":"blt8bcfdc841f43ac8a","version":1},{"environment":"blt0e9ace0c0fdccca5","locale":"es","time":"2021-01-20T05:28:52.121Z","user":"blt8bcfdc841f43ac8a","version":1},{"environment":"blt970bbac636ca0e82","locale":"es","time":"2021-01-20T05:28:52.121Z","user":"blt8bcfdc841f43ac8a","version":1},{"environment":"blt970bbac636ca0e82","locale":"en-us","time":"2021-01-20T05:28:52.132Z","user":"blt8bcfdc841f43ac8a","version":1},{"environment":"blt2c8444d44e81a3fd","locale":"en-us","time":"2021-01-20T05:28:52.130Z","user":"blt8bcfdc841f43ac8a","version":1},{"environment":"blt0e9ace0c0fdccca5","locale":"en-us","time":"2021-01-20T05:28:52.131Z","user":"blt8bcfdc841f43ac8a","version":1}]}],"categories":[{"uid":"bltfc432dbcd7d78510","_content_type_uid":"category"}],"ratings":3,"tags":["purse","bag"],"locale":"en-us","ACL":{},"uid":"blt7cdcf40bfdf62627","created_by":"blt8bcfdc841f43ac8a","updated_by":"blt8bcfdc841f43ac8a","created_at":"2021-01-20T05:20:58.548Z","updated_at":"2021-02-08T09:20:06.341Z","_version":4,"_in_progress":false,"price":149,"publish_details":[{"environment":"blt970bbac636ca0e82","locale":"en-us","time":"2021-02-08T09:20:09.855Z","user":"blt8bcfdc841f43ac8a","version":4},{"environment":"blt970bbac636ca0e82","locale":"fr-fr","time":"2021-01-20T05:42:31.325Z","user":"blt8bcfdc841f43ac8a","version":2},{"environment":"blt2c8444d44e81a3fd","locale":"fr-fr","time":"2021-01-20T05:42:31.325Z","user":"blt8bcfdc841f43ac8a","version":2},{"environment":"blt0e9ace0c0fdccca5","locale":"fr-fr","time":"2021-01-20T05:42:31.325Z","user":"blt8bcfdc841f43ac8a","version":2},{"environment":"blt2c8444d44e81a3fd","locale":"es","time":"2021-01-20T05:44:05.682Z","user":"blt8bcfdc841f43ac8a","version":2},{"environment":"blt970bbac636ca0e82","locale":"es","time":"2021-01-20T05:44:05.682Z","user":"blt8bcfdc841f43ac8a","version":2},{"environment":"blt0e9ace0c0fdccca5","locale":"es","time":"2021-01-20T05:44:05.682Z","user":"blt8bcfdc841f43ac8a","version":2},{"environment":"blt970bbac636ca0e82","locale":"ar","time":"2021-01-20T05:41:54.326Z","user":"blt8bcfdc841f43ac8a","version":2},{"environment":"blt2c8444d44e81a3fd","locale":"ar","time":"2021-01-20T05:41:54.326Z","user":"blt8bcfdc841f43ac8a","version":2},{"environment":"blt0e9ace0c0fdccca5","locale":"ar","time":"2021-01-20T05:41:54.326Z","user":"blt8bcfdc841f43ac8a","version":2},{"environment":"blt0e9ace0c0fdccca5","locale":"he-il","time":"2021-01-20T05:43:32.380Z","user":"blt8bcfdc841f43ac8a","version":2},{"environment":"blt970bbac636ca0e82","locale":"he-il","time":"2021-01-20T05:43:32.380Z","user":"blt8bcfdc841f43ac8a","version":2},{"environment":"blt2c8444d44e81a3fd","locale":"he-il","time":"2021-01-20T05:43:32.380Z","user":"blt8bcfdc841f43ac8a","version":2},{"environment":"blt2c8444d44e81a3fd","locale":"en-us","time":"2021-01-20T05:44:59.371Z","user":"blt8bcfdc841f43ac8a","version":2},{"environment":"blt0e9ace0c0fdccca5","locale":"en-us","time":"2021-01-20T05:44:59.371Z","user":"blt8bcfdc841f43ac8a","version":2}]},"bltd9a95f9d1f0a4a7d":{"title":"MVMT - Crystal Elipse Bangle Bracelet","url":"/product/bltb401f97fbcc1dc05","description":"<p>Our <strong>stylish</strong> ellipse bangle feature a clasp closure, made from stainless steel. Adds an edgy twist to your look.  This bracelet has a 160mm circumference, 5mm width. Perfect accessory to stack with our MVMT women's watches.  Each bracelet comes with an elegant black box, great for everyday store of gift box ready.<br></p>\n","featured_image":[{"uid":"blta28c3c711726c82f","created_at":"2021-01-20T05:14:18.681Z","updated_at":"2021-01-20T05:14:18.681Z","created_by":"blt8bcfdc841f43ac8a","updated_by":"blt8bcfdc841f43ac8a","content_type":"image/jpeg","file_size":"32586","tags":["accessory","accessories","jewelry","ring","platinum"],"filename":"crytla-elipse-bangle-2.jpg","url":"https://images.contentstack.io/v3/assets/blt58e76b141f182239/blta28c3c711726c82f/6007bc2a55267b11980096bf/crytla-elipse-bangle-2.jpg","ACL":[],"is_dir":false,"parent_uid":"blt239c5941dec166b2","_version":1,"title":"crytla-elipse-bangle-2.jpg","description":"","publish_details":[{"environment":"blt0e9ace0c0fdccca5","locale":"ar","time":"2021-01-20T05:28:44.900Z","user":"blt8bcfdc841f43ac8a","version":1},{"environment":"blt2c8444d44e81a3fd","locale":"ar","time":"2021-01-20T05:28:44.900Z","user":"blt8bcfdc841f43ac8a","version":1},{"environment":"blt970bbac636ca0e82","locale":"ar","time":"2021-01-20T05:28:44.900Z","user":"blt8bcfdc841f43ac8a","version":1},{"environment":"blt970bbac636ca0e82","locale":"fr-fr","time":"2021-01-20T05:28:44.908Z","user":"blt8bcfdc841f43ac8a","version":1},{"environment":"blt2c8444d44e81a3fd","locale":"fr-fr","time":"2021-01-20T05:28:44.908Z","user":"blt8bcfdc841f43ac8a","version":1},{"environment":"blt0e9ace0c0fdccca5","locale":"fr-fr","time":"2021-01-20T05:28:44.908Z","user":"blt8bcfdc841f43ac8a","version":1},{"environment":"blt2c8444d44e81a3fd","locale":"he-il","time":"2021-01-20T05:28:44.915Z","user":"blt8bcfdc841f43ac8a","version":1},{"environment":"blt0e9ace0c0fdccca5","locale":"he-il","time":"2021-01-20T05:28:44.915Z","user":"blt8bcfdc841f43ac8a","version":1},{"environment":"blt970bbac636ca0e82","locale":"he-il","time":"2021-01-20T05:28:44.916Z","user":"blt8bcfdc841f43ac8a","version":1},{"environment":"blt970bbac636ca0e82","locale":"es","time":"2021-01-20T05:28:44.924Z","user":"blt8bcfdc841f43ac8a","version":1},{"environment":"blt0e9ace0c0fdccca5","locale":"es","time":"2021-01-20T05:28:44.924Z","user":"blt8bcfdc841f43ac8a","version":1},{"environment":"blt2c8444d44e81a3fd","locale":"es","time":"2021-01-20T05:28:44.924Z","user":"blt8bcfdc841f43ac8a","version":1},{"environment":"blt0e9ace0c0fdccca5","locale":"en-us","time":"2021-01-20T05:28:44.932Z","user":"blt8bcfdc841f43ac8a","version":1},{"environment":"blt2c8444d44e81a3fd","locale":"en-us","time":"2021-01-20T05:28:44.932Z","user":"blt8bcfdc841f43ac8a","version":1},{"environment":"blt970bbac636ca0e82","locale":"en-us","time":"2021-01-20T05:28:44.932Z","user":"blt8bcfdc841f43ac8a","version":1}]},{"uid":"blta0eeb45e19d00ac7","created_at":"2021-01-20T05:15:01.715Z","updated_at":"2021-01-20T05:15:01.715Z","created_by":"blt8bcfdc841f43ac8a","updated_by":"blt8bcfdc841f43ac8a","content_type":"image/jpeg","file_size":"226441","tags":[],"filename":"crystal-elipse-bange-writ.jpg","url":"https://images.contentstack.io/v3/assets/blt58e76b141f182239/blta0eeb45e19d00ac7/6007bc558915801179106fd9/crystal-elipse-bange-writ.jpg","ACL":[],"is_dir":false,"parent_uid":"blt239c5941dec166b2","_version":1,"title":"crystal-elipse-bange-writ.jpg","publish_details":[{"environment":"blt0e9ace0c0fdccca5","locale":"ar","time":"2021-01-20T05:28:38.859Z","user":"blt8bcfdc841f43ac8a","version":1},{"environment":"blt970bbac636ca0e82","locale":"ar","time":"2021-01-20T05:28:38.859Z","user":"blt8bcfdc841f43ac8a","version":1},{"environment":"blt2c8444d44e81a3fd","locale":"ar","time":"2021-01-20T05:28:38.859Z","user":"blt8bcfdc841f43ac8a","version":1},{"environment":"blt970bbac636ca0e82","locale":"fr-fr","time":"2021-01-20T05:28:38.868Z","user":"blt8bcfdc841f43ac8a","version":1},{"environment":"blt2c8444d44e81a3fd","locale":"fr-fr","time":"2021-01-20T05:28:38.868Z","user":"blt8bcfdc841f43ac8a","version":1},{"environment":"blt0e9ace0c0fdccca5","locale":"fr-fr","time":"2021-01-20T05:28:38.868Z","user":"blt8bcfdc841f43ac8a","version":1},{"environment":"blt2c8444d44e81a3fd","locale":"he-il","time":"2021-01-20T05:28:38.877Z","user":"blt8bcfdc841f43ac8a","version":1},{"environment":"blt970bbac636ca0e82","locale":"he-il","time":"2021-01-20T05:28:38.877Z","user":"blt8bcfdc841f43ac8a","version":1},{"environment":"blt0e9ace0c0fdccca5","locale":"he-il","time":"2021-01-20T05:28:38.877Z","user":"blt8bcfdc841f43ac8a","version":1},{"environment":"blt2c8444d44e81a3fd","locale":"es","time":"2021-01-20T05:28:38.884Z","user":"blt8bcfdc841f43ac8a","version":1},{"environment":"blt970bbac636ca0e82","locale":"es","time":"2021-01-20T05:28:38.884Z","user":"blt8bcfdc841f43ac8a","version":1},{"environment":"blt0e9ace0c0fdccca5","locale":"es","time":"2021-01-20T05:28:38.884Z","user":"blt8bcfdc841f43ac8a","version":1},{"environment":"blt0e9ace0c0fdccca5","locale":"en-us","time":"2021-01-20T05:28:38.893Z","user":"blt8bcfdc841f43ac8a","version":1},{"environment":"blt970bbac636ca0e82","locale":"en-us","time":"2021-01-20T05:28:38.893Z","user":"blt8bcfdc841f43ac8a","version":1},{"environment":"blt2c8444d44e81a3fd","locale":"en-us","time":"2021-01-20T05:28:38.892Z","user":"blt8bcfdc841f43ac8a","version":1}]}],"categories":[{"uid":"blt5c504522553a4c3b","_content_type_uid":"category"}],"ratings":0,"tags":["mvmt"],"locale":"en-us","ACL":{},"uid":"bltd9a95f9d1f0a4a7d","created_by":"blt8bcfdc841f43ac8a","updated_by":"blt8bcfdc841f43ac8a","created_at":"2021-01-20T05:21:20.553Z","updated_at":"2021-02-08T09:19:27.847Z","_version":4,"_in_progress":false,"price":99,"publish_details":[{"environment":"blt970bbac636ca0e82","locale":"en-us","time":"2021-02-08T09:19:31.849Z","user":"blt8bcfdc841f43ac8a","version":4},{"environment":"blt0e9ace0c0fdccca5","locale":"fr-fr","time":"2021-01-20T05:42:15.041Z","user":"blt8bcfdc841f43ac8a","version":2},{"environment":"blt970bbac636ca0e82","locale":"fr-fr","time":"2021-01-20T05:42:15.041Z","user":"blt8bcfdc841f43ac8a","version":2},{"environment":"blt2c8444d44e81a3fd","locale":"fr-fr","time":"2021-01-20T05:42:15.041Z","user":"blt8bcfdc841f43ac8a","version":2},{"environment":"blt2c8444d44e81a3fd","locale":"es","time":"2021-01-20T05:43:57.236Z","user":"blt8bcfdc841f43ac8a","version":2},{"environment":"blt0e9ace0c0fdccca5","locale":"es","time":"2021-01-20T05:43:57.236Z","user":"blt8bcfdc841f43ac8a","version":2},{"environment":"blt970bbac636ca0e82","locale":"es","time":"2021-01-20T05:43:57.236Z","user":"blt8bcfdc841f43ac8a","version":2},{"environment":"blt970bbac636ca0e82","locale":"ar","time":"2021-01-20T05:41:47.981Z","user":"blt8bcfdc841f43ac8a","version":2},{"environment":"blt0e9ace0c0fdccca5","locale":"ar","time":"2021-01-20T05:41:47.981Z","user":"blt8bcfdc841f43ac8a","version":2},{"environment":"blt2c8444d44e81a3fd","locale":"ar","time":"2021-01-20T05:41:47.981Z","user":"blt8bcfdc841f43ac8a","version":2},{"environment":"blt970bbac636ca0e82","locale":"he-il","time":"2021-01-20T05:43:20.965Z","user":"blt8bcfdc841f43ac8a","version":2},{"environment":"blt2c8444d44e81a3fd","locale":"he-il","time":"2021-01-20T05:43:20.964Z","user":"blt8bcfdc841f43ac8a","version":2},{"environment":"blt0e9ace0c0fdccca5","locale":"he-il","time":"2021-01-20T05:43:20.965Z","user":"blt8bcfdc841f43ac8a","version":2},{"environment":"blt0e9ace0c0fdccca5","locale":"en-us","time":"2021-01-20T05:44:52.880Z","user":"blt8bcfdc841f43ac8a","version":2},{"environment":"blt2c8444d44e81a3fd","locale":"en-us","time":"2021-01-20T05:44:52.880Z","user":"blt8bcfdc841f43ac8a","version":2}]}}