{"blt51e551bf5627a262":{"name":"URL Redirects","parent":[],"ACL":[],"_version":5,"content_types":[],"uid":"blt51e551bf5627a262","created_by":"blt8bcfdc841f43ac8a","updated_by":"blt8bcfdc841f43ac8a","created_at":"2021-01-20T05:27:20.784Z","updated_at":"2021-01-20T05:27:28.475Z"},"blta9e853587b733d43":{"name":"Ecommerce Content","parent":[],"ACL":[],"_version":6,"content_types":["homepage_personalised","category","product"],"uid":"blta9e853587b733d43","created_by":"blt8bcfdc841f43ac8a","updated_by":"blt8bcfdc841f43ac8a","created_at":"2021-01-20T05:27:18.438Z","updated_at":"2021-01-20T05:27:27.336Z"},"blt44f55976316ebb5d":{"name":"News Content","parent":[],"ACL":[],"_version":3,"content_types":[],"uid":"blt44f55976316ebb5d","created_by":"blt8bcfdc841f43ac8a","updated_by":"blt8bcfdc841f43ac8a","created_at":"2021-01-20T05:27:16.220Z","updated_at":"2021-01-20T05:27:26.117Z"},"blt40de690a9031c42c":{"name":"Extension Examples","parent":[],"ACL":[],"_version":3,"content_types":[],"uid":"blt40de690a9031c42c","created_by":"blt8bcfdc841f43ac8a","updated_by":"blt8bcfdc841f43ac8a","created_at":"2021-01-20T05:27:14.978Z","updated_at":"2021-01-20T05:27:24.885Z"},"blt23d206953cc0cbf9":{"name":"SEO & Search","parent":[],"ACL":[],"_version":3,"content_types":[],"uid":"blt23d206953cc0cbf9","created_by":"blt8bcfdc841f43ac8a","updated_by":"blt8bcfdc841f43ac8a","created_at":"2021-01-20T05:27:12.936Z","updated_at":"2021-01-20T05:27:23.555Z"},"blt771dff48347b01f2":{"name":"Global Content","parent":[],"ACL":[],"_version":4,"content_types":["menu","sections","settings","themes","dialogs","a_b_tests"],"uid":"blt771dff48347b01f2","created_by":"blt8bcfdc841f43ac8a","updated_by":"blt8bcfdc841f43ac8a","created_at":"2021-01-20T05:27:11.673Z","updated_at":"2021-01-20T05:27:22.069Z"}}